Open,High,Low,Close,Volume
1413.6,1422.72,1406.25,1413.9,0
1412.77,1415.7,1404.37,1407.49,0
1405.6,1421.57,1397.1,1418.26,0
1417.49,1419.54,1391.16,1392.57,0
1394.29,1402.35,1389.39,1397.68,0
1394.9,1394.9,1384.11,1388.28,0
1389.4,1404.06,1386.2,1403.58,0
1404.4,1406.3,1396.26,1403.04,0
1405.65,1420.19,1405.65,1408.66,0
1408.36,1424.4,1406.87,1423.57,0
1423.89,1425.82,1414.35,1425.35,0
1425.28,1440.24,1421.63,1426.63,0
1424.49,1424.49,1409.09,1413.4,0
1414.06,1419.12,1388.81,1390.71,0
1390.83,1399.07,1390.23,1394.35,0
1392.2,1392.2,1373.72,1375.93,0
1375.97,1387.4,1373.07,1385.35,0
1386.54,1391.25,1378.16,1390.84,0
1390.5,1406.32,1388.59,1398.26,0
1398.36,1404.46,1398.08,1400.38,0
1399.62,1399.62,1377.79,1385.67,0
1386.42,1393.12,1370.12,1377.65,0
1376.26,1388.18,1371.74,1377.2,0
1377.48,1404.05,1377.48,1404.05,0
1400.06,1400.06,1359.9,1360.68,0
1360.83,1370.63,1350.62,1361.76,0
1358.98,1366.84,1351.56,1358.44,0
1357.09,1357.09,1335.47,1335.49,0
1335.78,1353.03,1331.29,1339.87,0
1341.81,1360.03,1341.71,1357.5,0
1358.85,1364.7,1352.07,1360.14,0
1360.71,1366.59,1350.54,1350.93,0
1349.59,1349.59,1333.4,1337.81,0
1336.89,1347.66,1330.5,1342.83,0
1341.02,1341.02,1314.46,1317.93,0
1319.77,1323.78,1315.31,1318.0,0
1317.23,1326.02,1304.42,1314.29,0
1314.54,1335.63,1314.54,1321.97,0
1316.29,1316.29,1283.15,1283.15,0
1283.6,1289.45,1272.0,1278.38,0
1278.06,1290.31,1274.86,1280.0,0
1276.68,1285.31,1260.68,1284.91,0
1285.81,1292.17,1261.51,1261.52,0
1262.96,1271.48,1252.01,1262.9,0
1262.9,1273.95,1240.68,1252.31,0
1251.84,1274.17,1242.84,1273.69,0
1273.38,1277.36,1244.57,1244.68,0
1245.25,1257.65,1236.76,1253.39,0
1248.66,1257.27,1225.35,1239.49,0
1241.61,1253.5,1225.01,1228.3,0
1226.82,1234.35,1200.44,1214.91,0
1214.65,1245.52,1211.39,1245.36,0
1246.31,1262.31,1241.49,1260.31,0
1258.22,1262.23,1251.81,1260.68,0
1261.81,1267.74,1255.7,1260.0,0
1257.07,1277.42,1248.82,1277.0,0
1278.87,1291.17,1276.06,1282.18,0
1283.22,1283.22,1251.48,1252.54,0
1253.51,1263.23,1251.75,1257.76,0
1257.76,1260.09,1234.37,1234.37,0
1236.38,1263.2,1236.38,1263.19,0
1264.52,1284.33,1264.52,1284.26,0
1281.37,1284.93,1265.97,1267.38,0
1269.42,1270.52,1254.54,1260.31,0
1260.16,1260.49,1247.45,1249.01,0
1254.87,1284.88,1254.67,1284.88,0
1283.99,1291.67,1276.0,1289.18,0
1286.51,1286.51,1264.29,1266.06,0
1266.29,1297.85,1262.11,1296.31,0
1294.42,1313.15,1291.41,1305.31,0
1304.79,1304.79,1285.64,1289.59,0
1288.64,1294.03,1274.86,1285.82,0
1282.11,1300.11,1276.84,1292.93,0
1293.85,1302.05,1290.74,1298.19,0
1298.14,1300.22,1274.51,1278.6,0
1276.65,1276.65,1263.11,1266.68,0
1267.34,1276.01,1261.16,1274.54,0
1271.06,1281.4,1265.22,1277.72,0
1277.59,1293.09,1277.59,1292.19,0
1290.47,1290.47,1264.87,1266.84,0
1267.03,1275.65,1263.21,1271.51,0
1271.29,1285.05,1270.03,1281.66,0
1283.79,1300.68,1283.79,1300.68,0
1296.49,1297.59,1282.74,1282.82,0
1287.82,1303.04,1272.2,1277.57,0
1276.61,1280.6,1265.59,1274.98,0
1271.8,1271.8,1232.83,1236.82,0
1233.21,1244.94,1217.23,1242.31,0
1249.5,1274.42,1247.12,1267.79,0
1267.98,1268.66,1224.51,1224.51,0
1227.5,1243.9,1221.6,1232.04,0
1229.04,1249.98,1211.54,1249.05,0
1245.88,1255.09,1233.81,1251.69,0
1250.92,1250.92,1192.69,1192.69,0
1188.31,1214.84,1169.28,1213.6,0
1210.34,1210.34,1155.88,1156.39,0
1157.07,1211.14,1133.5,1206.51,0
1213.11,1265.12,1213.11,1255.07,0
1255.37,1255.37,1205.61,1207.09,0
1207.61,1221.15,1187.06,1188.22,0
1188.79,1197.41,1179.79,1185.87,0
1187.87,1220.03,1187.87,1209.18,0
1204.47,1215.77,1187.54,1213.27,0
1209.06,1209.07,1106.42,1106.42,0
1113.78,1168.03,1113.78,1164.74,0
1164.17,1167.03,1140.77,1161.06,0
1160.64,1160.64,1111.43,1114.28,0
1115.16,1153.82,1098.14,1099.23,0
1097.56,1097.56,1007.97,1056.89,0
1057.6,1072.91,996.23,996.23,0
988.91,1021.06,970.97,984.94,0
988.42,1005.25,909.19,909.92,0
902.31,936.36,839.8,899.22,0
912.75,1006.93,912.75,1003.35,0
1009.97,1044.31,972.07,998.01,0
994.6,994.6,903.99,907.84,0
909.53,947.71,865.83,946.43,0
942.29,984.64,918.74,940.55,0
943.51,985.4,943.51,985.4,0
980.4,985.44,952.47,955.05,0
951.67,951.67,875.81,896.78,0
899.08,922.83,858.44,908.11,0
895.22,896.3,852.85,876.77,0
874.28,893.78,846.75,848.92,0
848.92,940.51,845.27,940.51,0
939.51,969.97,922.26,930.09,0
939.38,963.23,928.5,954.09,0
953.11,984.38,944.59,968.75,0
968.67,975.57,958.82,966.3,0
971.31,1007.51,971.31,1005.75,0
1001.84,1001.84,949.86,952.77,0
952.4,952.4,899.73,904.88,0
907.44,931.46,906.9,930.99,0
936.75,951.95,907.47,919.21,0
917.15,917.15,884.9,898.95,0
893.39,893.39,850.48,852.3,0
853.13,913.01,818.69,911.29,0
904.36,916.88,869.88,873.29,0
873.23,882.29,848.98,850.75,0
852.34,865.9,826.84,859.12,0
859.03,864.57,806.18,806.58,0
805.87,820.52,747.78,752.44,0
755.84,801.2,741.02,800.03,0
801.2,865.6,801.2,851.81,0
853.4,868.94,834.99,857.39,0
852.9,887.68,841.37,887.68,0
886.89,896.25,881.21,896.24,0
888.61,888.61,815.69,816.21,0
817.94,850.54,817.94,848.81,0
843.6,873.12,827.6,870.74,0
869.75,875.6,833.6,845.22,0
844.43,879.42,818.41,876.07,0
882.71,918.57,882.71,909.7,0
906.48,916.26,885.38,888.67,0
892.17,908.27,885.45,899.24,0
898.35,904.63,868.73,873.59,0
871.79,883.24,851.35,879.73,0
881.07,884.63,857.72,868.57,0
871.53,914.66,871.53,913.18,0
908.16,918.85,895.94,904.42,0
905.98,911.02,877.44,885.28,0
886.96,905.47,883.02,887.88,0
887.2,887.37,857.09,871.63,0
874.31,880.44,860.1,863.16,0
863.87,869.79,861.44,865.02,0
869.51,873.74,866.52,872.8,0
872.37,873.7,857.07,869.42,0
870.58,891.12,870.58,890.64,0
890.59,910.32,889.67,903.25,0
902.99,934.73,899.35,931.8,0
929.17,936.63,919.53,927.45,0
931.17,943.85,927.28,934.7,0
927.45,927.45,902.37,906.65,0
905.73,910.0,896.81,909.73,0
909.91,911.93,888.31,890.35,0
890.4,890.4,864.32,870.26,0
869.79,877.02,862.02,871.79,0
867.28,867.28,836.93,842.62,0
841.99,851.59,817.04,843.74,0
844.45,858.13,830.66,850.12,0
849.64,849.64,804.47,805.22,0
806.77,841.72,804.3,840.24,0
839.74,839.74,811.29,827.5,0
822.16,838.61,806.07,831.95,0
832.5,852.53,827.69,836.57,0
837.3,850.45,835.4,845.71,0
845.73,877.86,845.73,874.09,0
868.89,868.89,844.15,845.14,0
845.69,851.66,821.67,825.88,0
823.09,830.78,812.87,825.44,0
825.69,842.6,821.98,838.51,0
837.77,851.85,829.18,832.23,0
831.75,850.55,819.91,845.85,0
846.09,870.75,845.42,868.6,0
868.24,875.01,861.65,869.89,0
866.87,868.05,822.99,827.16,0
827.41,838.22,822.3,833.74,0
829.91,835.48,808.06,835.19,0
833.95,839.43,825.21,826.84,0
818.61,818.61,789.17,789.17,0
791.06,796.17,780.43,788.42,0
787.91,797.58,777.03,778.94,0
775.87,778.69,754.25,770.05,0
773.25,777.85,742.37,743.33,0
744.69,775.49,744.69,773.14,0
770.64,780.12,752.89,764.9,0
765.76,779.42,751.75,752.83,0
749.93,751.27,734.52,735.09,0
729.57,729.57,699.7,700.82,0
704.44,711.67,692.3,696.33,0
698.6,724.12,698.6,712.87,0
708.27,708.27,677.93,682.55,0
684.04,699.09,666.79,683.38,0
680.76,695.27,672.88,676.53,0
679.28,719.6,679.28,719.6,0
719.59,731.92,713.85,721.36,0
720.89,752.63,714.76,750.74,0
751.97,758.29,742.46,756.55,0
758.84,774.53,753.37,753.89,0
753.88,778.12,749.93,778.12,0
776.01,803.04,765.64,794.35,0
797.92,803.24,781.82,784.04,0
784.58,788.91,766.2,768.54,0
772.31,823.37,772.31,822.92,0
820.6,823.65,805.48,806.25,0
806.81,826.78,791.37,813.88,0
814.06,832.98,814.06,832.86,0
828.68,828.68,813.43,815.94,0
809.07,809.07,779.81,787.53,0
790.88,810.48,790.88,797.87,0
793.59,813.62,783.32,811.08,0
814.53,845.61,814.53,834.38,0
835.13,842.5,826.7,842.5,0
839.75,839.75,822.79,835.48,0
817.98,834.12,814.53,815.55,0
816.76,828.42,814.84,825.16,0
829.29,856.91,829.29,856.56,0
855.33,864.31,845.35,858.73,0
856.88,856.88,840.25,841.5,0
839.44,852.93,835.58,852.06,0
854.54,870.35,847.04,865.3,0
865.18,875.63,860.87,869.6,0
868.27,868.27,832.39,832.39,0
831.25,850.09,826.83,850.08,0
847.26,861.78,840.57,843.55,0
844.62,852.87,835.45,851.92,0
853.91,871.8,853.91,866.23,0
862.82,868.83,854.65,857.51,0
854.48,864.48,847.12,855.16,0
856.85,882.06,856.85,873.64,0
876.59,888.7,868.51,872.81,0
872.74,880.48,866.1,877.52,0
879.21,907.85,879.21,907.24,0
906.1,907.7,897.34,903.8,0
903.95,920.28,903.95,919.53,0
919.58,929.58,901.36,907.39,0
909.03,930.17,909.03,929.23,0
913.82,922.99,908.68,909.24,0
910.52,915.57,896.46,908.35,0
905.4,905.4,882.8,883.92,0
884.24,898.36,882.52,893.07,0
892.76,896.97,878.94,882.88,0
886.07,910.0,886.07,909.71,0
909.67,916.39,905.22,908.13,0
908.62,924.6,901.37,903.47,0
900.42,900.42,879.61,888.33,0
888.68,896.65,883.75,887.0,0
887.0,911.76,881.46,910.33,0
909.95,913.84,891.87,893.06,0
892.96,909.45,887.6,906.83,0
907.02,920.02,903.56,919.14,0
923.26,947.77,923.26,942.87,0
942.87,949.38,938.46,944.74,0
942.51,942.51,923.85,931.76,0
932.49,942.47,929.32,942.46,0
945.67,951.69,934.13,940.09,0
938.12,946.33,926.44,939.14,0
940.35,946.92,936.15,942.43,0
942.73,949.77,927.97,939.15,0
939.04,956.23,939.04,944.89,0
943.44,946.3,935.66,946.21,0
942.45,942.45,919.65,923.72,0
925.6,928.0,911.6,911.97,0
911.89,918.44,903.78,910.71,0
910.86,921.93,907.94,918.37,0
919.96,927.09,915.8,921.23,0
918.13,918.13,893.04,893.04,0
893.46,898.69,888.86,895.1,0
896.31,910.85,896.31,900.94,0
899.45,921.42,896.27,920.26,0
918.84,922.0,913.03,918.9,0
919.86,927.99,916.18,927.23,0
927.15,930.01,912.86,919.32,0
920.82,931.92,920.82,923.33,0
921.24,921.24,896.42,896.42,0
894.27,898.72,886.36,898.72,0
898.6,898.6,879.93,881.03,0
881.9,886.8,869.32,879.56,0
881.28,887.86,878.45,882.68,0
880.03,883.57,872.81,879.13,0
879.57,901.05,875.32,901.05,0
900.77,905.84,896.5,905.84,0
910.15,933.95,910.15,932.68,0
930.17,943.96,927.45,940.74,0
940.56,941.89,934.65,940.38,0
942.07,951.62,940.99,951.13,0
951.97,956.53,943.22,954.58,0
953.4,959.83,947.75,954.07,0
954.07,979.42,953.27,976.29,0
972.16,979.79,965.95,979.26,0
978.63,982.49,972.29,982.18,0
981.48,982.35,969.35,979.62,0
977.66,977.76,968.65,975.15,0
976.01,996.68,976.01,986.75,0
986.8,993.18,982.85,987.48,0
990.22,1003.61,990.22,1002.63,0
1001.41,1007.12,996.68,1005.65,0
1005.41,1006.64,994.31,1002.72,0
1004.06,1008.0,992.49,997.08,0
999.83,1018.0,999.83,1010.48,0
1008.89,1010.12,1000.99,1007.1,0
994.0,1012.78,993.36,1005.81,0
1005.86,1012.78,1000.82,1012.73,0
1012.23,1012.6,994.6,1004.09,0
998.18,998.18,978.51,979.73,0
980.62,991.2,980.62,989.67,0
986.88,999.61,980.62,996.46,0
996.41,1008.92,996.39,1007.37,0
1009.06,1027.59,1009.06,1026.13,0
1026.59,1035.82,1022.48,1025.56,0
1026.63,1037.75,1026.21,1028.0,0
1027.35,1032.47,1021.57,1028.12,0
1027.81,1033.33,1016.2,1030.98,0
1031.62,1039.47,1023.13,1028.93,0
1025.21,1025.21,1014.62,1020.62,0
1019.52,1028.45,996.28,998.04,0
996.07,1000.34,991.97,994.75,0
996.12,1003.43,992.25,1003.24,0
1003.84,1016.48,1001.65,1016.4,0
1018.67,1026.07,1018.67,1025.39,0
1025.36,1036.34,1023.97,1033.37,0
1032.99,1044.14,1028.04,1044.14,0
1043.92,1048.18,1038.4,1042.73,0
1040.15,1049.74,1035.0,1049.34,0
1049.03,1056.04,1043.42,1052.63,0
1053.99,1068.76,1052.87,1068.76,0
1067.87,1074.77,1061.2,1065.49,0
1066.6,1071.52,1064.27,1068.3,0
1067.14,1067.28,1057.46,1064.66,0
1066.35,1073.81,1066.35,1071.66,0
1072.68,1080.15,1060.39,1060.87,0
1062.56,1066.29,1045.85,1050.78,0
1049.48,1053.47,1041.17,1044.38,0
1045.38,1065.13,1045.38,1062.98,0
1063.68,1069.62,1057.83,1060.61,0
1061.02,1063.4,1046.47,1057.07,0
1054.91,1054.91,1029.45,1029.85,0
1029.71,1030.6,1019.95,1025.21,0
1026.87,1042.58,1025.92,1040.46,0
1042.02,1060.55,1042.02,1054.72,0
1053.65,1058.02,1050.1,1057.57,0
1060.03,1070.67,1060.03,1065.48,0
1065.28,1071.51,1063.0,1071.49,0
1071.63,1079.46,1071.63,1076.18,0
1074.96,1075.3,1066.71,1073.18,0
1078.68,1093.17,1078.68,1092.02,0
1090.36,1096.56,1086.41,1096.56,0
1094.67,1094.67,1081.53,1087.68,0
1088.22,1100.17,1086.48,1097.91,0
1098.64,1098.64,1086.16,1091.06,0
1090.36,1101.36,1080.77,1081.4,0
1080.96,1095.21,1074.31,1092.91,0
1095.62,1095.83,1075.49,1079.6,0
1080.36,1091.75,1065.23,1066.94,0
1067.54,1072.48,1060.62,1063.41,0
1061.51,1063.26,1042.19,1042.63,0
1043.68,1066.83,1043.69,1066.11,0
1065.41,1065.41,1033.38,1036.18,0
1036.18,1052.18,1029.38,1042.88,0
1040.92,1046.36,1033.94,1045.41,0
1047.14,1061.0,1045.15,1046.5,0
1047.3,1066.65,1047.3,1066.63,0
1064.94,1071.48,1059.32,1069.3,0
1072.31,1093.19,1072.31,1093.07,0
1091.86,1096.42,1087.4,1093.01,0
1096.04,1105.37,1093.81,1098.51,0
1098.31,1101.97,1084.9,1087.24,0
1087.59,1097.79,1085.33,1093.48,0
1094.13,1113.69,1094.13,1109.3,0
1109.22,1110.52,1102.19,1110.31,0
1109.43,1111.1,1102.7,1109.8,0
1106.43,1106.44,1088.4,1094.9,0
1094.66,1094.66,1086.81,1091.38,0
1094.86,1112.38,1094.86,1106.24,0
1105.82,1107.56,1097.63,1105.65,0
1106.49,1111.18,1104.75,1110.63,0
1105.47,1105.47,1083.74,1091.49,0
1091.06,1097.24,1086.25,1095.63,0
1098.89,1112.28,1098.89,1108.86,0
1109.03,1115.58,1105.29,1109.24,0
1110.59,1117.28,1098.74,1099.92,0
1100.43,1119.13,1096.52,1105.98,0
1105.52,1110.72,1100.83,1103.25,0
1103.04,1103.04,1088.61,1091.93,0
1091.06,1097.04,1085.89,1095.94,0
1098.68,1106.25,1098.68,1102.35,0
1103.96,1108.5,1101.34,1106.41,0
1107.84,1114.76,1107.84,1114.11,0
1114.11,1114.11,1105.35,1107.93,0
1108.61,1116.21,1107.96,1109.18,0
1106.36,1106.36,1095.88,1096.07,0
1097.86,1103.74,1093.88,1102.47,0
1105.31,1117.68,1105.31,1114.05,0
1114.51,1120.27,1114.51,1118.02,0
1118.84,1121.58,1116.0,1120.59,0
1121.07,1126.48,1121.08,1126.48,0
1127.53,1130.38,1123.51,1127.78,0
1128.55,1130.38,1126.08,1126.19,0
1125.53,1126.42,1121.94,1126.42,0
1115.1,1115.1,1115.1,1115.1,0
1116.56,1133.87,1116.56,1132.99,0
1132.66,1136.63,1129.66,1136.52,0
1135.71,1139.19,1133.95,1137.14,0
1136.27,1142.46,1131.32,1141.68,0
1140.52,1145.39,1136.22,1144.98,0
1145.96,1149.74,1142.02,1146.98,0
1143.81,1143.81,1131.77,1136.22,0
1137.31,1148.4,1133.18,1145.68,0
1145.68,1150.41,1143.8,1148.46,0
1136.03,1136.03,1136.03,1136.03,0
1136.03,1150.45,1135.77,1150.23,0
1147.94,1147.95,1129.25,1138.04,0
1138.68,1141.58,1114.84,1116.48,0
1115.49,1115.49,1090.18,1091.76,0
1092.4,1102.97,1092.4,1096.78,0
1095.8,1103.69,1089.86,1092.17,0
1091.93,1099.51,1083.11,1097.5,0
1096.93,1100.22,1078.46,1084.53,0
1087.61,1096.45,1071.59,1073.87,0
1073.89,1089.38,1073.89,1089.18,0
1090.05,1104.73,1087.96,1103.31,0
1100.67,1102.72,1093.97,1097.28,0
1097.25,1097.25,1062.78,1063.11,0
1064.12,1067.13,1044.5,1066.18,0
1065.51,1071.2,1056.51,1056.74,0
1060.06,1079.28,1060.06,1070.52,0
1069.68,1073.67,1059.34,1068.13,0
1067.1,1080.04,1060.59,1078.47,0
1075.51,1075.51,1075.51,1075.51,0
1079.13,1095.67,1079.13,1094.87,0
1096.14,1101.03,1094.72,1099.51,0
1099.03,1108.24,1097.48,1106.75,0
1105.49,1112.42,1100.8,1109.17,0
1110.0,1112.29,1105.38,1108.01,0
1107.49,1108.58,1092.18,1094.6,0
1095.89,1106.42,1095.5,1105.24,0
1101.24,1103.5,1086.02,1102.93,0
1103.1,1107.24,1097.56,1104.49,0
1105.36,1116.11,1105.36,1115.71,0
1117.01,1123.46,1116.51,1118.31,0
1119.36,1125.64,1116.58,1118.79,0
1119.12,1123.73,1116.66,1122.97,0
1125.12,1139.38,1125.12,1138.69,0
1138.4,1141.05,1136.77,1138.5,0
1137.56,1145.37,1134.9,1140.44,0
1140.22,1148.26,1140.09,1145.61,0
1143.96,1150.24,1138.99,1150.24,0
1151.71,1153.41,1146.97,1149.99,0
1148.53,1150.98,1141.45,1150.51,0
1150.82,1160.28,1150.35,1159.46,0
1159.93,1169.84,1159.94,1166.21,0
1166.13,1167.77,1161.16,1165.82,0
1166.68,1169.2,1155.33,1159.9,0
1157.25,1167.82,1152.88,1165.81,0
1166.47,1174.72,1163.83,1174.17,0
1172.69,1173.04,1166.01,1167.72,0
1170.03,1180.69,1165.09,1165.73,0
1167.57,1173.93,1161.48,1166.59,0
1167.71,1174.85,1167.71,1173.22,0
1173.75,1177.83,1168.92,1173.27,0
1171.75,1174.56,1165.77,1169.43,0
1178.1,1178.1,1178.1,1178.1,0
1178.71,1187.73,1178.71,1187.43,0
1186.01,1191.8,1182.77,1189.43,0
1188.23,1189.6,1177.25,1182.44,0
1181.75,1188.55,1175.12,1186.43,0
1187.47,1194.66,1187.15,1194.37,0
1194.93,1199.2,1194.71,1196.48,0
1195.93,1199.04,1188.82,1197.3,0
1198.68,1210.65,1198.69,1210.65,0
1210.77,1213.92,1208.5,1211.67,0
1210.17,1210.17,1186.77,1192.13,0
1192.06,1197.87,1183.68,1197.52,0
1199.04,1208.58,1199.04,1207.17,0
1207.16,1210.99,1198.85,1205.93,0
1202.52,1210.27,1190.19,1208.67,0
1207.87,1217.28,1205.1,1217.28,0
1217.06,1219.8,1211.07,1212.05,0
1209.92,1211.38,1181.62,1183.71,0
1184.59,1195.05,1181.81,1191.36,0
1193.3,1209.36,1193.3,1206.78,0
1206.77,1207.99,1186.32,1186.68,0
1188.57,1205.13,1188.58,1202.26,0
1197.5,1197.5,1168.12,1173.6,0
1165.87,1175.95,1158.15,1165.87,0
0.0,1167.58,1065.79,1128.15,0
1127.04,1135.13,1094.15,1110.88,0
1122.27,1163.85,1122.27,1159.73,0
1156.39,1170.48,1147.71,1155.79,0
1155.43,1172.87,1155.43,1171.67,0
1170.04,1173.57,1156.14,1157.43,0
1157.18,1157.19,1126.14,1135.68,0
1136.52,1141.88,1114.96,1136.94,0
1138.78,1148.66,1117.2,1120.8,0
1119.57,1124.27,1100.66,1115.05,0
1107.34,1107.34,1071.58,1071.59,0
1067.26,1090.16,1055.9,1087.69,0
1084.78,1089.95,1072.7,1073.65,0
1067.42,1074.75,1040.78,1074.03,0
1075.51,1090.75,1065.59,1067.95,0
1074.27,1103.52,1074.27,1103.06,0
1089.41,1089.41,1089.41,1089.41,0
1087.3,1094.77,1069.89,1070.71,0
1073.01,1098.56,1072.03,1098.38,0
1098.82,1105.67,1091.81,1102.83,0
1098.43,1098.43,1060.5,1064.88,0
1065.84,1071.36,1049.86,1050.47,0
1050.81,1063.15,1042.17,1062.0,0
1062.75,1077.74,1052.25,1055.69,0
1058.77,1087.85,1058.77,1086.84,0
1082.65,1092.25,1077.12,1091.6,0
1095.0,1105.91,1089.03,1089.63,0
1091.21,1115.59,1091.21,1115.23,0
1114.02,1118.74,1107.13,1114.61,0
1115.98,1117.72,1105.87,1116.04,0
1116.16,1121.01,1113.93,1117.51,0
1122.79,1131.23,1108.24,1113.2,0
1113.9,1118.5,1094.18,1095.31,0
1095.57,1099.64,1085.31,1092.04,0
1090.93,1090.93,1071.6,1073.69,0
1075.1,1083.56,1067.89,1076.76,0
1077.5,1082.6,1071.45,1074.57,0
1071.1,1071.1,1035.18,1041.24,0
1040.56,1048.08,1028.33,1030.71,0
1031.1,1033.58,1010.91,1027.37,0
1022.58,1022.58,1022.58,1022.58,0
1028.09,1042.5,1018.35,1028.06,0
1028.54,1060.89,1028.54,1060.27,0
1062.92,1071.25,1058.24,1070.25,0
1070.5,1078.16,1068.1,1077.96,0
1077.23,1080.78,1070.45,1078.75,0
1080.65,1099.46,1080.65,1095.34,0
1095.61,1099.08,1087.68,1095.17,0
1094.46,1098.66,1080.53,1096.48,0
1093.85,1093.85,1063.32,1064.88,0
1066.85,1074.7,1061.11,1071.25,0
1064.53,1083.94,1056.88,1083.48,0
1086.67,1088.96,1065.25,1069.59,0
1072.14,1097.5,1072.14,1093.67,0
1092.17,1103.73,1087.88,1102.66,0
1102.89,1115.01,1101.3,1115.01,0
1117.36,1120.95,1109.78,1113.84,0
1112.84,1114.66,1103.11,1106.13,0
1108.07,1115.9,1092.82,1101.53,0
1098.44,1106.44,1088.01,1101.6,0
1107.53,1127.3,1107.53,1125.86,0
1125.34,1125.44,1116.76,1120.46,0
1121.06,1128.75,1119.46,1127.24,0
1125.78,1126.56,1118.81,1125.81,0
1122.07,1123.06,1107.17,1121.64,0
1122.8,1129.24,1120.91,1127.79,0
1122.92,1127.16,1111.58,1121.06,0
1116.89,1116.89,1088.55,1089.47,0
1081.48,1086.72,1076.69,1083.61,0
1082.22,1086.25,1079.0,1079.25,0
1077.49,1082.62,1069.49,1079.38,0
1081.16,1100.14,1081.16,1092.54,0
1092.08,1099.77,1085.76,1094.16,0
1092.44,1092.44,1070.66,1075.63,0
1075.63,1075.63,1063.91,1071.69,0
1073.36,1081.58,1067.08,1067.36,0
1063.2,1063.2,1046.68,1051.87,0
1048.98,1059.38,1039.83,1055.33,0
1056.28,1061.45,1045.4,1047.22,0
1049.27,1065.21,1039.7,1064.59,0
1062.9,1064.4,1048.79,1048.92,0
1046.88,1055.14,1040.88,1049.33,0
1049.72,1081.3,1049.72,1080.29,0
1080.66,1090.1,1080.39,1090.1,0
1104.51,1104.51,1104.51,1104.51,0
1102.6,1102.6,1091.15,1091.84,0
1092.36,1103.26,1092.36,1098.87,0
1101.15,1110.27,1101.15,1104.18,0
1104.57,1110.88,1103.92,1109.55,0
1113.38,1123.87,1113.38,1121.9,0
1121.16,1127.36,1115.58,1121.1,0
1119.43,1126.46,1114.63,1125.07,0
1123.89,1125.44,1118.88,1124.66,0
1126.39,1131.47,1122.43,1125.59,0
1126.57,1144.86,1126.57,1142.71,0
1142.82,1148.59,1136.22,1139.78,0
1139.49,1144.38,1131.58,1134.28,0
1131.1,1136.77,1122.79,1124.83,0
1131.69,1148.9,1131.69,1148.67,0
1148.64,1149.92,1142.0,1142.16,0
1142.31,1150.0,1132.09,1147.7,0
1146.75,1148.63,1140.26,1144.73,0
1145.97,1157.16,1136.08,1141.2,0
1143.49,1150.3,1139.42,1146.24,0
1144.96,1148.16,1131.87,1137.03,0
1140.68,1162.76,1140.68,1160.75,0
1159.81,1162.33,1154.85,1159.97,0
1161.57,1163.87,1151.41,1158.06,0
1158.36,1167.73,1155.58,1165.15,0
1165.32,1168.68,1162.02,1165.32,0
1164.28,1172.58,1155.71,1169.77,0
1171.32,1184.38,1171.32,1178.1,0
1177.82,1178.89,1166.71,1173.81,0
1177.47,1181.2,1167.12,1176.19,0
1176.83,1185.53,1174.55,1184.71,0
1178.64,1178.64,1159.71,1165.9,0
1166.74,1182.94,1166.74,1178.17,0
1179.82,1189.43,1171.17,1180.26,0
1180.52,1183.93,1178.99,1183.08,0
1184.74,1196.14,1184.74,1185.62,0
1184.88,1187.11,1177.72,1185.64,0
1183.84,1183.84,1171.7,1182.45,0
1184.47,1189.53,1177.1,1183.78,0
1183.87,1185.46,1179.7,1183.26,0
1185.71,1195.81,1177.65,1184.38,0
1187.86,1195.88,1187.86,1193.57,0
1193.79,1198.3,1183.56,1197.96,0
1198.34,1221.25,1198.34,1221.06,0
1221.2,1227.08,1220.29,1225.85,0
1223.24,1224.57,1217.55,1223.25,0
1223.59,1226.84,1208.94,1213.4,0
1213.14,1218.75,1204.33,1218.71,0
1213.04,1215.45,1204.49,1213.54,0
1209.07,1210.5,1194.08,1199.21,0
1200.44,1207.43,1197.15,1197.75,0
1194.79,1194.79,1173.0,1178.34,0
1178.33,1183.56,1175.82,1178.59,0
1183.75,1200.29,1183.75,1196.69,0
1196.12,1199.97,1189.44,1199.73,0
1198.07,1198.94,1184.58,1197.84,0
1192.51,1192.51,1176.91,1180.73,0
1198.35,1198.35,1198.35,1198.35,0
1194.16,1194.16,1186.93,1189.4,0
1189.08,1190.34,1173.64,1187.76,0
1182.96,1187.4,1174.14,1180.55,0
1186.6,1207.61,1186.6,1206.07,0
1206.81,1221.89,1206.81,1221.53,0
1219.93,1225.57,1216.82,1224.71,0
1223.87,1225.8,1220.67,1223.12,0
1227.25,1235.05,1223.25,1223.75,0
1225.02,1228.93,1219.5,1228.28,0
1230.14,1234.71,1226.85,1233.0,0
1233.85,1240.4,1232.58,1240.4,0
1242.52,1246.73,1240.34,1240.46,0
1241.84,1246.59,1238.17,1241.59,0
1241.58,1244.25,1234.01,1235.23,0
1236.34,1243.75,1232.85,1242.87,0
1243.63,1245.81,1239.87,1243.91,0
1245.76,1250.2,1241.51,1247.08,0
1249.43,1255.82,1249.43,1254.6,0
1254.94,1259.39,1254.94,1258.84,0
1256.77,1256.77,1256.77,1256.77,0
1254.66,1258.43,1251.48,1257.54,0
1259.1,1259.9,1256.22,1258.51,0
1258.78,1262.6,1258.78,1259.78,0
1259.44,1261.09,1256.32,1257.88,0
1256.76,1259.34,1254.19,1257.64,0
1257.62,1276.17,1257.62,1271.89,0
1272.95,1274.12,1262.66,1270.2,0
1268.78,1277.63,1265.36,1276.56,0
1275.47,1278.17,1270.43,1273.85,0
1274.41,1276.83,1261.7,1271.5,0
1270.84,1271.52,1262.18,1269.75,0
1272.58,1277.25,1269.62,1274.48,0
1275.65,1286.87,1275.65,1285.96,0
1285.78,1286.7,1280.47,1283.76,0
1293.24,1293.24,1293.24,1293.24,0
1293.22,1296.06,1290.16,1295.02,0
1294.52,1294.6,1278.92,1281.92,0
1280.85,1283.35,1271.26,1280.26,0
1283.63,1291.21,1282.07,1283.35,0
1283.29,1291.93,1282.47,1290.84,0
1288.17,1291.26,1281.07,1291.18,0
1291.97,1299.74,1291.97,1296.63,0
1297.51,1301.29,1294.41,1299.54,0
1299.63,1302.67,1275.1,1276.34,0
1276.5,1287.17,1276.5,1286.12,0
1289.14,1308.86,1289.14,1307.59,0
1305.91,1307.61,1302.62,1304.03,0
1302.77,1308.6,1294.83,1307.1,0
1307.01,1311.0,1301.67,1310.87,0
1321.77,1322.85,1311.85,1319.05,0
1318.76,1324.87,1316.03,1324.57,0
1322.48,1324.54,1314.89,1320.88,0
1318.13,1322.78,1311.74,1321.87,0
1318.66,1330.79,1316.08,1329.15,0
1328.73,1332.96,1326.9,1332.32,0
1330.43,1330.43,1324.61,1328.01,0
1329.51,1337.61,1329.51,1336.32,0
1334.37,1341.5,1331.0,1340.43,0
1343.01,1343.01,1343.01,1343.01,0
1338.91,1338.91,1312.33,1315.44,0
1315.44,1317.91,1299.55,1307.4,0
1307.47,1310.91,1294.26,1306.1,0
1307.34,1320.61,1307.34,1319.88,0
1321.61,1327.69,1320.55,1327.22,0
1328.64,1332.46,1306.14,1306.33,0
1305.47,1314.19,1302.58,1308.44,0
1312.37,1332.28,1312.37,1330.97,0
1330.73,1331.08,1312.59,1321.15,0
1322.72,1327.68,1303.99,1310.13,0
1311.05,1325.74,1306.86,1321.82,0
1319.92,1323.21,1312.27,1320.02,0
1315.72,1315.72,1294.21,1295.11,0
1293.43,1308.35,1291.99,1304.28,0
1301.19,1301.19,1286.37,1296.39,0
1288.46,1288.46,1261.12,1281.87,0
1279.46,1280.91,1249.05,1256.88,0
1261.61,1278.88,1261.61,1273.72,0
1276.71,1288.88,1276.18,1279.2,0
1281.65,1300.58,1281.65,1298.38,0
1298.29,1298.47,1293.77,1293.77,0
1292.19,1300.51,1284.05,1297.54,0
1300.61,1311.34,1297.74,1309.66,0
1311.8,1319.18,1310.15,1313.8,0
1315.45,1319.74,1310.19,1310.19,0
1309.37,1319.45,1305.26,1319.44,0
1321.89,1331.74,1321.89,1328.26,0
1327.44,1329.77,1325.03,1325.83,0
1329.48,1337.85,1328.89,1332.41,0
1333.56,1336.74,1329.1,1332.87,0
1332.03,1338.21,1330.03,1332.63,0
1335.94,1339.38,1331.09,1335.54,0
1334.82,1338.8,1326.56,1333.51,0
1336.16,1339.46,1322.94,1328.17,0
1329.01,1333.77,1321.06,1324.46,0
1321.96,1321.96,1309.51,1314.16,0
1314.03,1321.35,1309.19,1314.41,0
1311.13,1316.79,1302.42,1314.52,0
1314.54,1322.88,1313.68,1319.68,0
1313.35,1313.35,1294.7,1305.14,0
1305.99,1312.7,1303.97,1312.62,0
1319.12,1332.66,1319.12,1330.36,0
1337.38,1337.38,1337.38,1337.38,0
1337.14,1337.55,1331.47,1335.25,0
1336.75,1349.55,1336.75,1347.24,0
1348.43,1357.49,1344.25,1355.66,0
1353.86,1361.71,1353.6,1360.48,0
1360.14,1363.61,1360.48,1363.61,0
1365.21,1370.58,1358.59,1361.22,0
1359.76,1360.84,1349.52,1356.62,0
1355.9,1355.9,1341.5,1347.32,0
1344.16,1348.0,1329.17,1335.1,0
1340.24,1354.36,1335.58,1340.2,0
1340.2,1349.44,1338.64,1346.29,0
1348.34,1359.44,1348.34,1357.16,0
1354.51,1354.51,1336.36,1342.08,0
1339.39,1351.05,1332.03,1348.65,0
1348.69,1350.47,1333.36,1337.77,0
1334.77,1343.33,1327.32,1329.47,0
1326.1,1330.42,1318.51,1328.98,0
1328.54,1341.82,1326.59,1340.68,0
1342.4,1345.21,1336.36,1343.6,0
1342.0,1342.0,1330.67,1333.27,0
1333.07,1333.07,1312.88,1317.37,0
1317.7,1323.72,1313.87,1316.28,0
1316.36,1325.86,1311.8,1320.47,0
1320.64,1328.51,1314.41,1325.69,0
1331.1,1331.1,1331.1,1331.1,0
1331.1,1345.2,1331.1,1345.2,0
1345.2,1345.2,1313.71,1314.55,0
1314.55,1318.03,1305.61,1312.94,0
1312.94,1312.94,1297.9,1300.16,0
1300.26,1300.26,1284.72,1286.17,0
1286.31,1296.22,1284.74,1284.94,0
1284.63,1287.04,1277.42,1279.56,0
1279.63,1294.54,1279.63,1289.0,0
1288.6,1288.6,1268.28,1270.98,0
1271.31,1277.04,1265.64,1271.83,0
1272.22,1292.5,1272.22,1287.87,0
1287.87,1287.87,1261.9,1265.42,0
1265.53,1274.11,1258.07,1267.64,0
1268.58,1279.82,1267.4,1271.5,0
1271.5,1280.42,1267.56,1278.36,0
1278.4,1297.62,1278.4,1295.52,0
1295.48,1298.61,1286.79,1287.14,0
1286.6,1286.6,1262.87,1283.5,0
1283.04,1283.93,1267.24,1268.45,0
1268.44,1284.91,1267.53,1280.1,0
1280.21,1296.8,1280.21,1296.67,0
1296.85,1309.21,1296.85,1307.41,0
1307.64,1321.97,1307.64,1320.64,0
1339.67,1339.67,1339.67,1339.67,0
1339.59,1340.89,1334.3,1337.88,0
1337.56,1340.94,1330.92,1339.22,0
1339.62,1356.48,1339.62,1353.22,0
1352.39,1352.39,1333.71,1343.8,604566402
1343.31,1343.31,1316.42,1319.49,634678149
1319.61,1327.17,1313.33,1313.64,727709237
1314.45,1331.48,1314.45,1317.72,665194136
1317.74,1326.88,1306.51,1308.87,720241043
1308.87,1317.7,1307.52,1316.14,884873379
1315.94,1315.94,1295.92,1305.44,678947418
1307.07,1328.14,1307.07,1326.73,696044433
1328.66,1330.43,1323.65,1325.84,644010506
1325.65,1347.0,1325.65,1343.8,829496744
1343.8,1346.1,1336.95,1345.02,585559408
1344.32,1344.32,1331.09,1337.43,576860663
1337.39,1338.51,1329.59,1331.94,652053297
1331.91,1331.91,1303.49,1304.89,852723222
1304.84,1316.32,1299.16,1300.67,748423359
1300.12,1304.16,1282.86,1292.28,951840994
1292.59,1307.38,1274.73,1286.94,851983685
1286.56,1286.56,1254.03,1254.05,960305320
1254.25,1261.2,1234.56,1260.34,1017929428
1260.23,1260.23,1199.54,1200.07,1354440481
1200.28,1218.11,1168.09,1199.38,1724038427
1198.48,1198.48,1119.28,1119.46,1938224823
1120.23,1172.88,1101.54,1172.53,1861439426
1171.77,1171.77,1118.01,1120.76,1717760269
1121.3,1186.29,1121.3,1172.64,1528892951
1172.87,1189.04,1170.74,1178.81,1000795534
1178.86,1204.49,1178.86,1204.49,855621780
1204.22,1204.22,1180.53,1192.76,871874227
1192.89,1208.47,1184.36,1193.88,784412496
1189.62,1189.62,1131.03,1140.65,1304288663
1140.47,1154.54,1122.05,1123.53,1274017115
1123.55,1145.49,1121.09,1123.82,911682001
1124.36,1162.35,1122.91,1162.35,962340913
1162.16,1178.56,1156.3,1177.6,876215466
1176.69,1190.68,1155.47,1159.27,944172666
1158.85,1181.23,1135.91,1176.8,917776305
1177.91,1210.28,1177.91,1210.08,686404157
1209.76,1220.1,1195.77,1212.92,794771483
1213.0,1230.71,1209.35,1218.89,963811586
1219.12,1229.29,1203.85,1204.42,742114585
1203.9,1203.9,1170.56,1173.97,723929644
1173.97,1173.97,1140.13,1165.24,860860457
1165.85,1198.62,1165.85,1198.62,771110426
1197.98,1204.4,1183.34,1185.9,782308099
1185.37,1185.37,1148.37,1154.23,993603433
1153.5,1162.52,1136.07,1162.27,857714917
1162.59,1176.41,1157.44,1172.87,832337292
1173.32,1202.38,1162.73,1188.68,887359352
1189.44,1209.11,1189.44,1209.11,802306604
1209.21,1220.06,1204.46,1216.01,1568106835
1214.99,1214.99,1188.36,1204.09,738602405
1204.5,1220.39,1201.29,1202.09,720960934
1203.63,1206.3,1166.21,1166.76,967540054
1164.55,1164.55,1114.22,1129.56,1347290451
1128.82,1141.72,1121.36,1136.43,951820410
1136.91,1164.19,1131.07,1162.95,918023089
1163.32,1195.86,1163.32,1175.38,900240442
1175.39,1184.71,1150.4,1151.06,789870229
1151.74,1175.87,1139.93,1160.4,883318450
1159.93,1159.93,1131.34,1131.42,986533828
1131.21,1138.99,1098.92,1099.23,1064637423
1097.42,1125.12,1074.77,1123.95,1234751524
1124.03,1146.07,1115.68,1144.04,973757258
1144.11,1165.55,1134.95,1164.97,851180498
1165.03,1171.4,1150.26,1155.46,881987180
1158.15,1194.91,1158.15,1194.89,654900182
1194.6,1199.24,1187.3,1195.54,650495293
1196.19,1220.25,1196.19,1207.25,805996037
1206.96,1207.46,1190.58,1203.66,678085409
1205.65,1224.61,1205.65,1224.58,627784340
1224.47,1224.47,1198.55,1200.86,679194964
1200.75,1233.1,1191.48,1225.38,853336854
1223.46,1229.64,1206.31,1209.88,776277817
1209.92,1219.53,1197.34,1215.39,768757500
1215.39,1239.03,1215.39,1238.25,1039907588
1238.72,1256.55,1238.72,1254.19,700005048
1253.86,1253.86,1226.79,1229.05,774021372
1229.17,1246.28,1221.06,1242.0,892603231
1243.97,1292.66,1243.97,1284.59,1060954523
1284.39,1287.08,1277.01,1285.08,773623934
1284.96,1284.96,1253.16,1253.3,860463689
1251.0,1251.0,1215.42,1218.28,1000384262
1219.62,1242.48,1219.62,1237.9,751246981
1238.25,1263.21,1234.81,1261.15,794731867
1260.82,1260.82,1238.92,1253.23,650297708
1253.21,1261.7,1240.75,1261.12,599517168
1261.12,1277.55,1254.99,1275.92,658714639
1275.18,1275.18,1226.64,1229.1,851197270
1229.59,1246.22,1227.7,1239.7,692943332
1240.12,1266.98,1240.12,1263.85,576721361
1263.85,1263.85,1246.68,1251.78,533463234
1251.7,1264.25,1244.34,1257.81,624302078
1257.81,1259.61,1235.67,1236.91,753541287
1236.56,1237.73,1209.43,1216.13,822872074
1216.19,1223.51,1211.36,1215.65,788180044
1215.62,1215.62,1183.16,1192.98,735399102
1192.98,1196.81,1181.65,1188.04,674946864
1161.79,1161.79,1161.79,1161.79,0
1161.41,1172.66,1158.66,1158.67,335956880
1158.67,1197.35,1158.67,1192.55,739215915
1192.56,1203.67,1191.8,1195.19,647616312
1196.72,1247.11,1196.72,1246.96,1172115724
1246.91,1251.09,1239.73,1244.58,616267764
1246.03,1260.08,1243.35,1244.28,664845278
1244.33,1266.73,1244.33,1257.08,681306682
1257.19,1266.03,1253.03,1258.47,595394701
1258.14,1267.06,1244.8,1261.01,717576123
1260.87,1260.87,1231.47,1234.35,710781395
1234.48,1258.25,1234.48,1255.19,607239967
1255.05,1255.05,1227.25,1236.47,610944177
1236.83,1249.86,1219.43,1225.73,735543315
1225.73,1225.73,1209.47,1211.82,698587206
1212.12,1225.6,1212.12,1215.75,648747609
1216.09,1231.04,1215.2,1219.66,1403591924
1219.74,1224.57,1202.37,1205.35,569817637
1205.72,1242.82,1205.72,1241.3,741105751
1241.25,1245.09,1229.51,1243.72,715569979
1243.72,1255.22,1243.72,1254.0,615073106
1265.33,1265.33,1265.33,1265.33,0
1265.02,1269.37,1262.3,1265.43,347088222
1265.38,1265.85,1248.64,1249.64,388379153
1249.75,1263.54,1249.75,1263.02,375206293
1262.82,1264.12,1257.46,1257.6,422083445
1258.86,1284.62,1258.86,1277.06,662715756
1277.03,1278.73,1268.1,1277.3,613302433
1277.3,1283.05,1265.26,1281.06,661073567
1280.93,1281.84,1273.34,1277.81,586007516
1277.83,1281.99,1274.55,1280.7,582309850
1280.77,1296.46,1280.77,1292.08,653259111
1292.02,1293.8,1285.41,1292.48,568741622
1292.48,1296.82,1285.77,1295.5,580177676
1289.09,1289.09,1289.09,1289.09,0
1290.22,1303.0,1290.22,1293.67,641969084
1293.65,1308.11,1290.99,1308.04,675850271
1308.07,1315.49,1308.07,1314.5,663577739
1314.49,1315.38,1309.17,1315.38,878320204
1315.29,1322.28,1309.89,1316.0,583433166
1315.96,1315.96,1306.06,1314.65,584740700
1314.4,1328.3,1307.65,1326.06,686713041
1326.28,1333.47,1313.6,1318.43,701746291
1318.25,1320.06,1311.72,1316.33,676624808
1316.16,1316.16,1300.49,1313.01,577400499
1313.53,1321.41,1306.69,1312.41,797230530
1312.45,1330.52,1312.45,1324.09,672663549
1324.24,1329.19,1321.57,1325.54,584223678
1326.21,1345.34,1326.21,1344.9,665334625
1344.32,1344.36,1337.52,1344.33,531777345
1344.33,1349.24,1335.92,1347.05,535133187
1347.04,1351.0,1341.95,1349.96,595613858
1349.97,1354.32,1344.63,1351.95,607917970
1351.21,1351.21,1337.35,1342.64,563291630
1343.06,1353.35,1343.06,1351.77,509390609
1351.3,1351.3,1340.83,1350.5,575332506
1350.52,1355.87,1340.8,1343.23,620012187
1342.61,1359.02,1341.22,1358.04,613533771
1358.06,1363.4,1357.24,1361.23,847908850
1361.22,1367.76,1358.11,1362.21,621983546
1362.11,1362.7,1355.53,1357.66,564038053
1357.53,1364.24,1352.28,1363.46,568546577
1363.46,1368.92,1363.46,1365.74,472036616
1365.2,1371.94,1354.92,1367.59,572529581
1367.56,1373.09,1365.97,1372.18,586648487
1372.2,1378.04,1363.81,1365.68,839339980
1365.9,1376.17,1365.9,1374.09,617111542
1374.09,1374.53,1366.42,1369.63,471320835
1369.59,1369.59,1359.13,1364.33,529724230
1363.63,1363.63,1340.03,1343.36,658266389
1343.39,1354.85,1343.39,1352.63,618036749
1352.65,1368.72,1352.65,1365.91,531454112
1365.97,1374.76,1365.97,1370.87,517234992
1370.78,1373.04,1366.69,1371.09,473774578
1371.92,1396.13,1371.92,1395.95,672518459
1395.95,1399.42,1389.97,1394.28,678427150
1394.17,1402.63,1392.78,1402.6,662602465
1402.55,1405.88,1401.47,1404.17,1343126631
1404.17,1414.0,1402.43,1409.75,545546207
1409.59,1409.59,1397.68,1405.52,543643460
1405.52,1407.75,1400.64,1402.89,569390043
1402.89,1402.89,1388.73,1392.78,568355543
1392.78,1399.18,1386.87,1397.11,570172743
1397.11,1416.58,1397.11,1416.51,556882643
1416.55,1419.15,1411.95,1412.52,554126569
1412.52,1413.65,1397.2,1405.54,632734666
1405.39,1405.39,1391.56,1403.28,620549995
1403.31,1410.89,1401.42,1408.47,744671689
1408.47,1422.38,1404.46,1419.04,578591901
1418.98,1419.0,1404.62,1413.38,638204924
1413.09,1413.09,1394.09,1398.96,624983794
1398.79,1401.6,1392.92,1398.08,538038547
1397.45,1397.45,1378.24,1382.2,530184387
1382.18,1383.01,1357.38,1358.59,722583719
1358.98,1374.71,1358.98,1368.71,585197397
1368.77,1388.13,1368.77,1387.57,539962524
1387.61,1387.61,1369.85,1370.26,620009449
1370.27,1379.66,1365.38,1369.57,587617167
1369.57,1392.76,1369.57,1390.78,550794442
1390.78,1390.78,1383.29,1385.14,552800131
1385.08,1390.46,1370.3,1376.92,661352193
1376.96,1387.4,1376.96,1378.53,869052153
1378.53,1378.53,1358.79,1366.94,625934197
1366.97,1375.57,1366.82,1371.97,607308502
1372.11,1391.37,1372.11,1390.69,632292337
1390.64,1402.09,1387.28,1399.98,587283652
1400.19,1406.64,1397.31,1403.36,574386793
1403.26,1403.26,1394.0,1397.91,607527520
1397.86,1415.32,1395.73,1405.82,565454727
1405.5,1405.5,1393.92,1402.31,546297587
1402.32,1403.07,1388.71,1391.57,581533197
1391.51,1391.51,1367.96,1369.1,585374439
1368.79,1373.91,1363.94,1369.58,576964236
1369.16,1369.16,1347.75,1363.72,675233654
1363.2,1363.73,1343.13,1354.58,711609841
1354.58,1365.88,1354.58,1357.99,647812474
1358.11,1365.66,1348.89,1353.39,611356322
1351.93,1351.93,1336.61,1338.35,618913447
1338.36,1344.94,1328.41,1330.66,655384391
1330.78,1341.78,1324.79,1324.8,665461660
1324.82,1326.36,1304.86,1304.86,680754298
1305.05,1312.24,1291.98,1295.22,975332248
1295.73,1316.39,1295.73,1315.99,622745312
1316.09,1328.49,1310.04,1316.63,622407702
1316.02,1320.71,1296.53,1318.86,693140910
1318.72,1324.14,1310.5,1320.68,614732934
1320.81,1324.2,1314.23,1317.82,449802901
1318.9,1334.93,1318.9,1332.42,550951338
1331.25,1331.25,1310.76,1313.32,579641069
1313.09,1319.74,1298.9,1310.33,940925358
1309.87,1309.87,1277.25,1278.04,782220887
1278.29,1282.55,1266.74,1278.18,635946385
1277.82,1287.62,1274.16,1285.5,558438720
1285.61,1315.13,1285.61,1315.13,652861283
1316.15,1329.05,1312.68,1314.99,649344312
1314.99,1325.81,1307.77,1325.66,527231293
1325.72,1335.52,1307.73,1308.93,566392699
1309.4,1324.31,1306.62,1324.18,573850932
1324.02,1327.28,1310.51,1314.88,553876162
1314.88,1333.68,1314.14,1329.1,608023508
1329.19,1343.32,1329.19,1342.84,1141818297
1342.42,1348.22,1334.46,1344.78,540693645
1344.83,1363.46,1344.83,1357.98,586629773
1358.04,1361.57,1346.45,1355.69,573023007
1355.43,1358.27,1324.41,1325.51,677891678
1325.92,1337.82,1325.92,1335.02,929041316
1334.9,1334.9,1309.27,1313.72,596638856
1314.09,1324.24,1310.3,1319.99,550335831
1320.71,1334.4,1320.71,1331.85,499592326
1331.52,1331.52,1313.29,1329.04,692430228
1330.12,1362.17,1330.12,1362.16,852335491
1362.33,1366.35,1355.7,1365.51,544915121
1365.75,1374.81,1363.53,1374.02,333805962
1373.72,1373.85,1363.02,1367.58,491316624
1367.09,1367.09,1348.03,1354.68,473892776
1354.66,1354.87,1346.65,1352.46,488550379
1352.96,1361.54,1336.27,1341.47,557227621
1341.4,1345.0,1333.25,1341.45,593546769
1341.29,1341.29,1325.41,1334.76,597864299
1334.81,1357.7,1334.81,1356.78,522326756
1356.5,1357.26,1348.51,1353.64,460442491
1353.68,1365.36,1345.07,1363.67,554028066
1363.58,1375.26,1358.96,1372.78,573272738
1373.01,1380.39,1371.21,1376.51,631244869
1376.51,1376.51,1362.19,1362.66,851766884
1362.34,1362.34,1337.56,1350.52,591487647
1350.52,1351.53,1329.24,1338.31,616405681
1338.35,1343.98,1331.5,1337.89,643149202
1338.17,1363.13,1338.17,1360.02,705312389
1360.05,1389.19,1360.05,1385.97,740576248
1385.94,1391.74,1381.37,1385.3,484707674
1385.27,1387.16,1379.17,1379.32,669729757
1379.32,1385.03,1373.35,1375.14,692645751
1375.13,1375.13,1354.65,1365.0,615875152
1365.45,1394.16,1365.45,1390.99,551766926
1391.04,1399.63,1391.04,1394.23,479861733
1394.46,1407.14,1394.46,1401.35,519595386
1401.23,1404.14,1396.13,1402.22,466719385
1402.26,1405.95,1398.8,1402.8,448493509
1402.58,1405.98,1395.62,1405.87,441987089
1405.87,1405.87,1397.32,1404.11,380475523
1404.36,1410.03,1400.6,1403.93,429520432
1403.89,1407.73,1401.83,1405.53,419471154
1405.57,1417.44,1404.15,1415.51,500153157
1415.84,1418.71,1414.67,1418.16,585809152
1417.85,1418.13,1412.12,1418.13,435135109
1418.13,1426.68,1410.86,1413.17,506639699
1413.09,1416.12,1406.78,1413.49,501633287
1413.49,1413.49,1400.5,1402.08,451905114
1401.99,1413.46,1398.04,1411.13,425661953
1411.13,1416.17,1409.11,1410.44,414499366
1410.44,1413.63,1405.59,1409.3,400891580
1409.32,1413.95,1406.57,1410.49,391057394
1410.08,1410.08,1397.01,1399.48,398456591
1400.07,1413.09,1398.96,1406.58,566311056
1406.54,1409.31,1396.56,1404.94,464461357
1404.94,1408.81,1401.25,1403.44,468363922
1403.74,1432.12,1403.74,1432.12,563049867
1432.12,1437.92,1431.45,1437.92,540397282
1437.92,1438.74,1428.98,1429.08,487014538
1429.13,1437.76,1429.13,1433.56,520792853
1433.56,1439.15,1432.99,1436.56,493270053
1436.56,1463.76,1435.34,1459.99,608373240
1460.07,1474.51,1460.07,1465.77,732027929
1465.42,1465.63,1457.55,1461.19,517631769
1461.19,1461.47,1456.13,1459.32,487005681
1459.5,1465.15,1457.88,1461.05,514794246
1461.05,1461.23,1449.98,1460.26,526569603
1460.34,1467.07,1459.51,1460.15,1473948102
1459.76,1460.72,1452.06,1456.89,490691036
1456.94,1463.24,1441.59,1441.59,593072603
1441.6,1441.6,1430.53,1433.32,535569919
1433.36,1450.2,1433.36,1447.15,479755080
1447.13,1447.13,1435.6,1440.67,628322964
1440.9,1457.14,1440.9,1444.49,511947340
1444.99,1451.52,1439.01,1445.75,457426374
1446.05,1454.3,1441.99,1450.99,506553034
1451.08,1463.14,1451.08,1461.4,496741833
1461.4,1470.96,1456.89,1460.93,478514658
1460.93,1460.93,1453.1,1455.88,350746873
1455.9,1455.9,1441.18,1441.48,476218789
1441.48,1442.52,1430.64,1432.56,453629169
1432.82,1443.9,1432.82,1432.84,496857673
1432.84,1438.43,1425.53,1428.59,513582409
1428.75,1441.31,1427.24,1440.13,489333574
1440.31,1455.51,1440.31,1454.92,484885417
1454.22,1462.2,1453.35,1460.91,551740702
1460.94,1464.02,1452.63,1457.34,565585517
1457.34,1457.34,1429.85,1433.19,885609982
1433.21,1435.46,1422.06,1433.82,511793048
1433.74,1433.74,1407.56,1413.11,552734426
1413.2,1420.04,1407.1,1408.75,541725506
1409.74,1421.12,1405.14,1412.97,557434364
1412.97,1417.09,1403.28,1411.94,605527345
1410.99,1418.76,1405.95,1412.16,653602157
1412.2,1428.35,1412.2,1427.59,599183333
1427.59,1434.27,1412.91,1414.2,607515078
1414.2,1419.9,1408.13,1417.26,459314757
1417.26,1433.38,1417.26,1428.39,542763083
1428.27,1428.27,1388.14,1394.53,692222492
1394.53,1401.23,1377.51,1377.51,612832891
1377.55,1391.39,1373.03,1379.85,575874033
1379.86,1384.87,1377.19,1380.03,282625115
1380.03,1388.81,1371.39,1374.53,551632267
1374.64,1380.13,1352.5,1355.49,659656333
1355.41,1360.62,1348.05,1353.33,602714906
1353.36,1362.03,1343.35,1359.88,842559422
1359.88,1386.89,1359.88,1386.89,563440897
1386.82,1389.77,1377.04,1387.81,508090326
1387.79,1391.25,1386.39,1391.03,392239769
1391.03,1409.16,1391.03,1409.15,242179185
1409.15,1409.15,1397.68,1406.29,505032802
1406.29,1409.01,1398.03,1398.94,527017551
1398.77,1410.31,1385.43,1409.93,552197619
1409.96,1419.7,1409.04,1415.95,509860077
1415.95,1418.86,1411.63,1416.18,836942757
1416.34,1423.73,1408.46,1409.46,517130581
1409.46,1413.14,1403.65,1407.05,534149838
1407.05,1415.56,1398.23,1409.28,610203520
1409.43,1413.95,1405.93,1413.94,502934878
1413.95,1420.34,1410.9,1418.07,471402175
1418.07,1421.64,1415.64,1418.55,468455866
1418.55,1434.27,1418.55,1427.84,574978684
1427.84,1438.59,1426.76,1428.48,550927260
1428.48,1431.36,1416.0,1419.45,506508961
1419.45,1419.45,1411.88,1413.58,517488402
1413.54,1430.67,1413.54,1430.36,572655469
1430.47,1448.0,1430.47,1446.79,642268901
1446.79,1447.75,1435.8,1435.81,569536867
1435.81,1443.7,1432.82,1443.69,511447268
1443.67,1443.67,1422.58,1430.15,1514501882
1430.15,1430.15,1424.66,1426.66,218666772
1426.66,1429.42,1416.43,1419.83,355821215
1419.83,1422.8,1401.8,1418.1,434249823
1418.1,1418.1,1401.58,1402.43,397520580
1402.43,1426.74,1398.11,1426.19,585218638
1426.19,1462.43,1426.19,1462.42,665146596
1462.42,1465.47,1455.53,1459.37,561263889
1459.37,1467.94,1458.99,1466.47,489371018
1466.47,1466.47,1456.62,1461.89,471486310
1461.89,1461.89,1451.64,1457.15,532588001
1457.15,1464.73,1457.15,1461.02,489881032
1461.02,1472.3,1461.02,1472.12,544221628
1472.12,1472.75,1467.58,1472.05,470769450
1472.05,1472.05,1465.69,1470.68,480688321
1470.67,1473.31,1463.76,1472.34,470708692
1472.33,1473.96,1467.6,1472.63,485848013
1472.63,1485.16,1472.63,1480.94,591465247
1480.95,1485.98,1475.81,1485.98,920956704
1485.98,1492.56,1481.16,1492.56,559020611
1492.56,1496.13,1489.9,1494.81,479226746
1494.81,1502.27,1489.46,1494.82,543482843
1494.82,1503.26,1494.82,1502.96,559070252
1502.96,1503.23,1496.33,1500.18,502845373
1500.18,1509.35,1498.09,1507.84,562427253
1507.84,1509.94,1500.11,1501.96,541017798
1501.96,1504.19,1496.76,1498.11,712668320
1498.11,1514.41,1498.11,1513.17,576498951
1513.17,1513.17,1495.02,1495.71,566862215
1495.71,1514.96,1495.71,1511.29,576457137
1511.29,1512.53,1504.71,1512.12,543812172
1512.12,1512.9,1498.49,1509.39,534511492
1509.39,1518.31,1509.39,1517.93,459823897
1517.93,1518.31,1513.61,1517.01,382890820
1517.01,1522.29,1515.61,1519.43,469782616
1519.43,1524.69,1515.93,1520.33,495489859
1520.33,1523.14,1514.02,1521.38,524251240
1521.38,1524.24,1514.14,1519.79,802927921
1519.79,1530.94,1519.79,1530.94,558582520
1530.94,1530.94,1511.41,1511.95,583104244
1511.95,1511.95,1497.29,1502.42,588934800
1502.42,1515.64,1502.42,1515.6,505050008
1515.6,1525.84,1487.85,1487.85,627165719
1487.85,1498.99,1485.01,1496.94,569354036
1496.94,1520.08,1494.88,1515.99,479813638
1515.99,1525.34,1514.46,1514.68,735425945
1514.68,1519.99,1501.48,1518.2,522709592
1518.2,1525.27,1512.29,1525.2,490188027
1525.2,1543.47,1525.2,1539.79,499572045
1539.79,1545.25,1538.11,1541.46,490727321
1541.46,1545.78,1541.46,1544.26,489028320
1544.26,1552.48,1542.94,1551.18,479459646
1551.15,1556.27,1547.36,1556.22,437760770
1556.22,1556.77,1548.24,1552.48,457795472
1552.48,1556.39,1548.25,1554.52,409149242
1554.52,1563.32,1554.52,1563.23,494834440
1563.21,1563.62,1555.74,1560.7,1426617664
1560.7,1560.7,1545.13,1552.1,495349239
1552.1,1557.25,1538.57,1548.34,535005762
1548.34,1561.56,1548.34,1558.71,499141513
1558.71,1558.71,1543.55,1545.8,505315227
1545.9,1557.74,1545.9,1556.89,491219513
1556.89,1564.91,1546.22,1551.69,522845791
1551.69,1563.95,1551.69,1563.77,404453361
1563.75,1564.07,1551.9,1562.85,407533906
1562.86,1570.28,1561.08,1569.19,661078345
1569.18,1570.57,1558.47,1562.17,413574633
1562.17,1573.66,1562.17,1570.25,462829254
1570.25,1571.47,1549.8,1553.69,576828085
1553.69,1562.6,1552.52,1559.98,471727792
1559.98,1559.98,1539.5,1553.28,547925571
1553.26,1563.07,1548.63,1563.07,448688780
1563.11,1573.89,1560.92,1568.61,511134163
1568.61,1589.07,1568.61,1587.73,510781746
1587.73,1597.35,1586.17,1593.37,521191405
1593.3,1593.3,1579.97,1588.85,529328351
1588.84,1588.84,1552.28,1552.36,703753977
1552.36,1575.35,1552.36,1574.57,548572474
1574.57,1574.57,1543.69,1552.01,673253748
1552.03,1554.38,1536.03,1541.61,615946809
1541.61,1555.89,1539.4,1555.25,779256975
1555.25,1565.55,1548.19,1562.5,509229661
1562.5,1579.58,1562.5,1578.78,540531533
1578.78,1583.0,1575.8,1578.79,562507741
1578.93,1592.64,1578.93,1585.16,577887141
1585.16,1585.78,1577.56,1582.24,543973868
1582.34,1596.65,1582.34,1593.61,445706449
1593.58,1597.57,1586.5,1597.57,669424591
1597.55,1597.55,1581.28,1582.7,506555141
1582.77,1598.6,1582.77,1597.59,457002297
1597.6,1618.46,1597.6,1614.42,519254290
1614.4,1619.77,1614.21,1617.5,469344916
1617.55,1626.03,1616.64,1625.96,468629681
1625.95,1632.78,1622.7,1632.69,497363362
1632.69,1635.01,1623.09,1626.67,474292547
1626.69,1633.7,1623.71,1633.7,463329504
1632.1,1636.0,1626.74,1633.77,442421814
1633.75,1651.1,1633.75,1650.34,518094775
1649.13,1661.49,1646.68,1658.78,528246126
1658.07,1660.51,1648.6,1650.47,548320441
1652.45,1667.47,1652.45,1667.47,706870623
1665.71,1672.84,1663.52,1666.29,476358866
1666.2,1674.93,1662.67,1669.16,502430237
1669.39,1687.18,1648.86,1655.35,671305164
1651.62,1655.5,1636.42,1650.51,593566635
1646.67,1649.78,1636.88,1649.6,438657692
1652.63,1674.21,1652.63,1660.06,541921649
1656.57,1656.57,1640.05,1648.36,497996151
1649.14,1661.91,1648.61,1654.41,516664062
1652.13,1658.99,1630.74,1630.74,856567862
1631.71,1640.42,1622.72,1640.42,601528209
1640.73,1646.53,1623.62,1631.38,558108009
1629.05,1629.31,1607.09,1608.9,563821166
1609.29,1622.56,1598.23,1622.56,603290950
1625.27,1644.4,1625.27,1643.38,576780513
1644.67,1648.69,1639.26,1642.81,434288257
1638.64,1640.13,1622.92,1626.13,487178556
1629.94,1637.71,1610.92,1612.52,488081341
1612.15,1639.25,1608.07,1636.36,501745992
1635.52,1640.8,1623.96,1626.73,449329656
1630.64,1646.5,1630.34,1639.04,510038539
1639.77,1654.19,1639.77,1651.81,461272711
1651.83,1652.45,1628.91,1628.93,555541474
1624.62,1624.62,1584.32,1588.19,768032499
1588.62,1599.19,1577.7,1592.43,1507584988
1588.77,1588.77,1560.33,1573.09,670781960
1577.52,1593.79,1577.09,1588.03,591516776
1592.27,1606.83,1592.27,1603.26,559626294
1606.44,1620.07,1606.44,1613.2,510156894
1611.12,1615.94,1601.06,1606.28,1063673872
1609.78,1626.61,1609.78,1614.96,518229450
1614.29,1624.26,1606.77,1614.08,520740703
1611.48,1618.97,1604.57,1615.41,299429447
1618.65,1632.07,1614.71,1631.89,422677488
1634.2,1644.68,1634.2,1640.46,734963287
1642.89,1654.18,1642.89,1652.32,507487363
1651.56,1657.92,1647.66,1652.62,498099259
1657.41,1676.63,1657.41,1675.02,554747454
1675.26,1680.19,1672.33,1680.19,575988207
1679.59,1684.51,1677.89,1682.5,414407779
1682.7,1683.73,1671.84,1676.26,453247031
1677.91,1684.75,1677.91,1680.91,497826157
1681.05,1693.12,1681.05,1689.37,510857380
1686.15,1692.09,1684.08,1692.09,754883734
1694.41,1697.61,1690.67,1695.53,465020227
1696.63,1698.78,1691.13,1692.39,438286642
1696.06,1698.38,1682.57,1685.94,513599098
1685.21,1690.94,1680.07,1690.25,501448525
1687.31,1691.85,1676.03,1691.65,457342462
1690.32,1690.92,1681.86,1685.33,411188572
1687.92,1693.19,1682.42,1685.96,492159537
1687.76,1698.43,1684.94,1685.73,649043003
1689.42,1707.85,1689.42,1706.87,520234621
1706.1,1709.67,1700.68,1709.67,494195191
1708.01,1709.24,1703.55,1707.14,363477505
1705.79,1705.79,1693.29,1697.37,446352879
1695.3,1695.3,1684.91,1690.91,438513092
1693.35,1700.18,1688.38,1697.48,446999022
1696.1,1699.42,1686.02,1691.42,403394822
1688.37,1691.49,1683.35,1689.47,369592978
1690.65,1696.81,1682.62,1694.16,402378943
1693.88,1695.52,1684.83,1685.39,409585650
1679.61,1679.61,1658.59,1661.32,499350550
1661.22,1663.6,1652.61,1655.83,639131548
1655.25,1659.18,1645.84,1646.06,433606609
1646.81,1658.92,1646.08,1652.35,428046238
1650.66,1656.99,1639.43,1642.8,473475362
1645.03,1659.55,1645.03,1656.96,623231864
1659.92,1664.85,1654.81,1663.5,444289986
1664.29,1669.51,1656.02,1656.78,409042111
1652.54,1652.54,1629.05,1630.48,494832183
1630.25,1641.18,1627.47,1634.96,430462905
1633.5,1646.41,1630.88,1638.17,378212498
1638.89,1640.08,1628.05,1632.97,531583597
1635.95,1651.35,1633.41,1639.77,513959942
1640.72,1655.72,1637.41,1653.08,524195755
1653.28,1659.17,1653.07,1655.08,428637954
1657.44,1664.83,1640.62,1655.17,484449018
1656.85,1672.4,1656.85,1671.71,423765635
1674.32,1684.09,1674.32,1683.99,489085437
1681.04,1689.13,1678.7,1689.13,476835988
1689.21,1689.97,1681.96,1683.42,441994478
1685.04,1688.73,1682.22,1687.99,384106749
1691.7,1704.95,1691.7,1697.6,446946320
1697.73,1705.52,1697.73,1704.76,416785188
1705.74,1729.44,1700.35,1725.52,568125672
1727.34,1729.86,1720.2,1722.34,504375140
1722.44,1725.23,1708.89,1709.91,1373852050
1711.44,1711.44,1697.1,1701.84,501457903
1702.6,1707.63,1694.9,1697.42,489428674
1698.02,1701.71,1691.88,1692.77,460818212
1694.05,1703.85,1693.11,1698.67,408875905
1695.52,1695.52,1687.11,1691.75,464569001
1687.26,1687.26,1674.99,1681.55,605954775
1682.41,1696.55,1682.07,1695.0,440246050
1691.9,1693.87,1680.34,1693.87,467281473
1692.35,1692.35,1670.36,1678.66,482093933
1678.79,1691.94,1677.33,1690.5,421107853
1687.15,1687.15,1674.7,1676.12,413591458
1676.22,1676.79,1655.03,1655.45,537021222
1656.99,1662.47,1646.47,1656.4,548555844
1660.88,1692.56,1660.88,1692.56,533384858
1691.09,1703.44,1688.52,1703.2,470002109
1699.86,1711.03,1692.13,1710.14,410558923
1709.17,1711.57,1695.93,1698.06,499721523
1700.49,1721.76,1700.49,1721.54,507676510
1720.17,1733.45,1714.12,1733.15,522976965
1736.72,1745.31,1735.74,1744.5,685297196
1745.2,1747.79,1740.67,1744.66,484953359
1746.48,1759.33,1746.48,1754.67,556149959
1752.27,1752.27,1740.5,1746.38,520475057
1747.48,1753.94,1745.5,1752.07,512871213
1756.01,1759.82,1752.45,1759.77,528512452
1759.42,1764.99,1757.67,1762.11,564005006
1762.93,1772.09,1762.93,1771.95,479777414
1772.27,1775.22,1757.24,1763.31,469583982
1763.24,1768.53,1755.72,1756.54,624290933
1758.7,1765.67,1752.7,1761.64,538311992
1763.4,1768.78,1761.56,1767.93,420024234
1765.67,1767.03,1755.76,1762.97,477732529
1765.0,1773.74,1764.4,1770.49,492661917
1770.74,1774.54,1746.2,1747.15,590009364
1748.37,1770.78,1747.63,1770.61,564637206
1769.96,1773.44,1767.85,1771.89,376761682
1769.51,1771.78,1762.29,1767.69,444458294
1764.37,1782.0,1760.64,1782.0,505308686
1782.75,1791.53,1780.22,1790.62,509930739
1790.66,1798.22,1790.66,1798.18,656776434
1798.82,1802.33,1788.0,1791.53,482498124
1790.79,1795.51,1784.72,1787.87,459569249
1789.59,1795.73,1777.23,1781.37,461741485
1783.52,1797.16,1783.52,1795.85,479361861
1797.21,1804.84,1794.7,1804.76,439915212
1806.33,1808.1,1800.58,1802.48,471349504
1802.87,1808.42,1800.77,1802.75,558535052
1803.48,1808.27,1802.77,1807.23,372649677
1808.69,1813.55,1803.98,1805.81,353098311
1806.55,1810.02,1798.6,1800.9,461947164
1800.1,1800.1,1787.85,1795.15,525408260
1793.15,1799.8,1779.09,1792.81,573025413
1792.82,1792.82,1783.38,1785.03,556844304
1788.36,1806.04,1788.36,1805.09,499811717
1806.21,1811.52,1806.21,1808.37,485615305
1807.6,1808.52,1801.75,1802.62,464118242
1802.76,1802.97,1780.09,1782.22,545718357
1781.71,1782.99,1772.28,1775.5,516063303
1777.98,1780.92,1772.45,1775.32,440291152
1777.48,1792.22,1777.48,1786.54,529194432
1786.47,1786.77,1777.05,1781.0,506318970
1781.46,1811.08,1767.99,1810.65,690180365
1809.0,1810.88,1801.35,1809.6,510586651
1810.39,1823.75,1810.25,1818.32,1387107453
1822.92,1829.75,1822.92,1827.99,433647344
1828.02,1833.32,1828.02,1833.32,183931624
1834.96,1842.84,1834.96,1842.02,293273352
1842.97,1844.89,1839.81,1841.4,269984856
1841.47,1842.47,1838.77,1841.07,301816771
1842.61,1849.44,1842.41,1848.36,393922036
1845.86,1845.86,1827.74,1831.98,446076890
1833.21,1838.24,1829.13,1831.37,387737913
1832.31,1837.16,1823.73,1826.77,491156690
1828.71,1840.1,1828.71,1837.88,496528166
1837.9,1840.02,1831.4,1837.49,576758133
1839.0,1843.23,1830.38,1838.13,520632513
1840.06,1843.15,1832.43,1842.37,486021929
1841.26,1843.45,1815.52,1819.2,574069139
1821.36,1839.26,1821.36,1838.88,510487384
1840.52,1850.84,1840.52,1848.38,556881209
1847.99,1847.99,1840.3,1845.89,473037269
1844.23,1846.04,1835.23,1838.7,806647919
1841.05,1849.31,1832.38,1843.8,594305066
1844.71,1846.87,1840.88,1844.86,500007322
1842.29,1842.29,1820.06,1828.46,581097348
1826.96,1826.96,1790.29,1790.29,711185331
1791.03,1795.98,1772.88,1781.56,631898883
1783.0,1793.87,1779.49,1792.5,494782437
1790.15,1790.15,1770.45,1774.2,601114889
1777.17,1798.77,1777.17,1794.19,545041082
1790.88,1793.88,1772.26,1782.59,755380061
1782.68,1784.83,1739.66,1741.89,744277160
1743.82,1758.73,1743.82,1755.2,620707857
1753.38,1755.79,1737.92,1751.64,578631983
1752.99,1774.06,1752.99,1773.43,561418384
1776.01,1798.03,1776.01,1797.02,589310959
1796.2,1799.94,1791.83,1799.84,485826474
1800.45,1823.54,1800.41,1819.75,532935315
1820.12,1826.55,1815.97,1819.26,483526499
1814.82,1830.25,1809.22,1829.83,534755356
1828.46,1841.65,1825.59,1838.63,488468773
1839.03,1842.87,1835.01,1840.76,538004458
1838.9,1847.5,1826.99,1828.75,516752864
1829.24,1842.79,1824.58,1839.78,512917477
1841.07,1846.13,1835.6,1836.25,673576385
1836.78,1858.71,1836.78,1847.61,694457178
1847.66,1852.91,1840.19,1845.12,498266385
1845.79,1852.65,1840.66,1845.16,493821506
1844.9,1854.53,1841.13,1854.29,506493789
1855.12,1867.92,1847.67,1859.45,716526988
1857.68,1857.68,1834.44,1845.73,498458211
1849.23,1876.23,1849.23,1873.91,544441906
1874.05,1876.53,1871.11,1873.81,482066998
1874.18,1881.94,1874.18,1877.03,498566077
1878.52,1883.57,1870.56,1878.04,497040706
1877.86,1877.87,1867.04,1877.17,430738722
1878.26,1882.35,1863.88,1867.63,442986543
1866.15,1868.38,1854.38,1868.2,449370547
1869.06,1874.4,1841.86,1846.34,512753125
1845.07,1852.44,1839.57,1841.13,491443762
1842.81,1862.3,1842.81,1858.83,452592693
1858.92,1873.76,1858.92,1872.25,408703209
1872.25,1874.14,1850.35,1860.77,499477479
1860.09,1873.49,1854.63,1872.01,467186484
1874.53,1883.97,1863.46,1866.52,1546978295
1867.67,1873.34,1849.69,1857.44,588008930
1859.48,1871.87,1855.96,1865.62,491561997
1867.09,1875.92,1852.56,1852.56,557827135
1852.11,1855.55,1842.11,1849.04,583008429
1850.07,1866.63,1850.07,1857.62,453538162
1859.16,1875.18,1859.16,1872.34,577814815
1873.96,1885.84,1873.96,1885.52,517337094
1886.61,1893.17,1883.79,1890.9,465008732
1891.43,1893.8,1882.65,1888.77,486951242
1890.25,1897.28,1863.26,1865.09,638969604
1863.92,1864.04,1841.48,1845.04,658210321
1845.48,1854.95,1837.49,1851.96,552300967
1852.64,1872.43,1852.38,1872.18,528286495
1872.28,1872.53,1830.87,1833.08,636878418
1830.65,1835.07,1814.36,1815.69,662182271
1818.18,1834.19,1815.8,1830.61,524945814
1831.45,1844.02,1816.29,1842.98,591857217
1846.01,1862.31,1846.01,1862.31,536608381
1861.73,1869.63,1856.72,1864.85,665681444
1865.79,1871.89,1863.18,1871.89,445573609
1872.57,1884.89,1872.57,1879.55,492961324
1879.32,1879.75,1873.91,1875.39,477805705
1881.97,1884.06,1870.24,1878.61,523936662
1877.72,1877.72,1859.7,1863.4,526707398
1865.0,1877.01,1850.61,1869.43,644490866
1870.78,1880.6,1870.78,1878.33,489827927
1877.1,1885.2,1872.69,1883.95,629090940
1884.39,1888.59,1878.04,1883.68,468010160
1885.3,1891.33,1878.5,1881.14,463670006
1879.45,1885.51,1866.77,1884.66,417770456
1883.69,1883.69,1867.72,1867.72,474484454
1868.53,1878.83,1859.79,1878.21,563540793
1877.39,1889.07,1870.05,1875.63,488608986
1875.27,1878.57,1867.02,1878.48,473573782
1880.03,1897.13,1880.03,1896.65,448903761
1896.75,1902.17,1896.06,1897.45,418340875
1897.13,1897.13,1885.77,1888.53,422048317
1888.16,1888.16,1862.36,1870.85,547161731
1871.19,1878.28,1864.82,1877.86,624155555
1876.66,1886.0,1872.42,1885.08,433389990
1884.88,1884.88,1868.14,1872.83,434975819
1873.34,1888.8,1873.34,1888.03,410778045
1888.19,1896.33,1885.39,1892.49,385630413
1893.32,1901.26,1893.32,1900.53,373480792
1902.01,1912.28,1902.01,1911.91,469659768
1911.77,1914.46,1907.3,1909.78,408919016
1910.6,1920.03,1909.82,1920.03,371597536
1920.33,1924.03,1916.64,1923.57,600492470
1923.87,1925.88,1915.98,1924.97,376846469
1923.07,1925.07,1918.79,1924.24,414841285
1923.06,1928.63,1918.6,1927.88,403725654
1928.52,1941.74,1922.93,1940.46,431125075
1942.41,1949.44,1942.41,1949.44,445161606
1948.97,1955.55,1947.16,1951.27,422431624
1950.34,1950.86,1944.64,1950.79,405664186
1949.37,1949.37,1940.08,1943.89,387283719
1943.35,1943.35,1925.78,1930.11,459956146
1930.8,1937.3,1927.69,1936.16,445392285
1934.84,1941.15,1930.91,1937.78,437288634
1937.15,1943.69,1933.55,1941.99,405863064
1942.73,1957.74,1939.29,1956.98,436454870
1957.5,1959.87,1952.26,1959.48,476002520
1960.45,1963.91,1959.17,1962.87,1209685149
1962.92,1963.74,1958.89,1962.61,411854618
1961.97,1968.17,1948.34,1949.98,482070052
1949.27,1960.83,1947.49,1959.53,455366217
1959.89,1959.89,1944.69,1957.22,404542402
1956.56,1961.47,1952.18,1960.96,736991948
1960.79,1964.24,1958.22,1960.23,527459777
1962.29,1978.58,1962.29,1973.32,438761391
1973.06,1976.67,1972.58,1974.62,386021127
1975.88,1985.59,1975.88,1985.44,366541191
1984.22,1984.22,1974.88,1977.65,399491515
1976.39,1976.39,1959.46,1963.71,482721915
1965.1,1974.15,1965.1,1972.83,414872389
1966.67,1969.84,1952.86,1964.68,417456957
1965.76,1968.67,1959.63,1967.57,375548761
1969.86,1979.85,1969.86,1977.1,398064106
1977.36,1982.52,1965.34,1973.28,544581519
1976.35,1983.94,1975.67,1981.57,517539723
1979.75,1981.8,1955.59,1958.12,541630260
1961.54,1979.91,1960.82,1978.22,582965973
1976.93,1976.93,1965.77,1973.63,397417585
1975.65,1986.24,1975.65,1983.53,425726762
1985.32,1989.23,1982.44,1987.01,468319122
1988.07,1991.39,1985.79,1987.98,471603725
1984.6,1984.6,1974.37,1978.34,414635733
1978.25,1981.52,1967.31,1978.91,436388191
1980.03,1984.85,1969.95,1969.95,492838802
1973.21,1978.9,1962.42,1970.07,476985409
1965.14,1965.14,1930.67,1930.67,623629847
1929.8,1937.35,1916.37,1925.15,519200939
1926.62,1942.92,1921.2,1938.99,468874902
1936.34,1936.34,1913.77,1920.21,500527836
1917.29,1927.91,1911.45,1920.24,488369233
1923.03,1928.89,1904.78,1909.57,474067876
1910.35,1932.38,1909.01,1931.59,456088503
1933.43,1944.9,1933.43,1936.92,399490717
1935.73,1939.65,1928.29,1933.75,352024097
1935.6,1948.41,1935.6,1946.72,368395987
1947.41,1955.23,1947.41,1955.18,322147247
1958.87,1964.04,1941.5,1955.06,599550669
1958.36,1971.99,1958.36,1971.74,422144586
1972.73,1982.57,1972.73,1981.6,393523737
1980.46,1988.57,1977.68,1986.51,378232246
1986.82,1994.76,1986.82,1992.37,395027171
1992.6,1993.54,1984.76,1988.4,377872101
1991.74,2001.95,1991.74,1997.92,336826978
1998.59,2005.04,1998.59,2000.02,314079664
2000.54,2002.14,1996.2,2000.12,342143621
1997.42,1998.55,1990.52,1996.74,315882057
1998.45,2003.38,1994.65,2003.37,425023584
2004.07,2006.12,1994.85,2002.28,399418982
2003.57,2009.28,1998.14,2000.72,396734423
2001.67,2011.17,1992.54,1997.65,426756455
1998.0,2007.71,1990.1,2007.71,450560505
2007.17,2007.17,1995.6,2001.54,411969635
2000.73,2001.01,1984.61,1988.44,450978034
1988.41,1996.66,1982.99,1995.69,427131068
1992.85,1997.65,1985.93,1997.45,399776752
1996.74,1996.74,1980.26,1985.54,500131371
1986.04,1987.18,1978.48,1984.13,433853454
1981.93,2002.28,1979.06,1998.98,441783387
1999.3,2010.74,1993.29,2001.57,478418443
2003.07,2012.34,2003.07,2011.36,475880094
2012.74,2019.26,2006.59,2010.4,1399699724
2009.08,2009.08,1991.01,1994.29,474795518
1992.78,1995.41,1982.77,1982.77,483710943
1983.34,1999.79,1978.63,1998.3,486044931
1997.32,1997.32,1965.99,1965.99,526199205
1966.22,1986.37,1966.22,1982.85,436267551
1978.96,1981.28,1964.04,1977.8,421744398
1978.21,1985.17,1968.96,1972.29,590851188
1971.44,1971.44,1941.72,1946.16,585264771
1945.83,1952.32,1926.03,1946.17,513088582
1948.12,1971.19,1948.12,1967.9,544389960
1970.01,1977.84,1958.43,1964.82,433672126
1962.36,1962.36,1934.87,1935.1,519127994
1935.55,1970.36,1925.25,1968.89,610653643
1967.68,1967.68,1927.56,1928.21,604573274
1925.63,1936.98,1906.05,1906.13,757485255
1905.65,1912.09,1874.14,1874.74,670484943
1877.11,1898.71,1871.79,1877.7,689430628
1874.18,1874.18,1820.66,1862.49,926524554
1855.95,1876.01,1835.02,1862.76,795956016
1864.91,1898.16,1864.91,1886.76,805007051
1885.62,1905.03,1882.3,1904.01,529713276
1909.38,1942.45,1909.38,1941.28,586162383
1941.29,1949.31,1926.83,1927.11,601110569
1931.02,1961.95,1931.02,1950.82,560099425
1951.59,1965.27,1946.27,1964.58,499168426
1962.97,1964.64,1951.37,1961.63,465869091
1964.14,1985.05,1964.14,1985.05,514671119
1983.29,1991.4,1969.04,1982.3,550834416
1979.49,1999.4,1974.75,1994.65,512018532
2001.2,2018.19,2001.2,2018.05,699250816
2018.21,2024.46,2013.68,2017.81,495466739
2015.81,2015.98,2001.01,2012.1,523652851
2015.29,2023.77,2014.42,2023.57,511039356
2023.33,2031.61,2015.86,2031.21,497882341
2032.36,2034.26,2025.07,2031.92,507608749
2032.01,2038.7,2030.17,2038.26,459544499
2038.2,2041.28,2035.28,2039.68,379238644
2037.75,2040.33,2031.95,2038.25,460474390
2039.21,2046.18,2030.44,2039.33,470727367
2039.74,2042.22,2035.2,2039.82,447822912
2038.29,2043.07,2034.46,2041.32,466017653
2041.48,2056.08,2041.48,2051.8,465627362
2051.16,2052.14,2040.37,2048.72,456780186
2045.87,2053.84,2040.49,2052.75,444963436
2057.46,2071.46,2056.75,2063.5,725438125
2065.07,2070.17,2065.07,2069.41,483152010
2070.15,2074.21,2064.75,2067.03,587165767
2067.36,2073.29,2066.62,2072.83,510052002
2074.78,2075.76,2065.06,2067.56,411804569
2065.78,2065.78,2049.57,2053.44,547609771
2053.77,2068.77,2053.77,2066.55,498400851
2067.45,2076.28,2066.65,2074.33,536333828
2073.64,2077.34,2062.34,2071.92,495739307
2072.78,2079.47,2070.81,2075.37,492974286
2074.84,2075.78,2054.27,2060.31,547803660
2056.55,2060.6,2034.17,2059.82,530054668
2058.86,2058.86,2024.26,2026.14,619378717
2027.92,2055.53,2027.92,2035.33,527529075
2030.36,2032.25,2002.33,2002.33,657438085
2005.03,2018.69,1982.26,1989.63,670000872
1986.71,2016.89,1972.56,1972.74,690265228
1973.77,2016.75,1973.77,2012.89,658790571
2018.98,2061.23,2018.98,2061.23,667228778
2061.04,2077.85,2061.03,2070.65,1633999743
2069.28,2078.76,2069.28,2078.54,550803963
2081.48,2086.73,2079.77,2082.17,473272321
2083.25,2087.56,2081.86,2081.88,224945658
2084.3,2092.7,2084.3,2088.77,286785411
2087.63,2093.55,2085.75,2090.57,331932588
2088.49,2088.49,2079.53,2080.35,307732134
2082.11,2085.58,2057.94,2058.9,415223765
2058.9,2072.36,2046.04,2058.2,426937581
2054.44,2054.44,2017.34,2020.58,611506858
2022.15,2030.25,1992.44,2002.61,628224413
2005.55,2029.61,2005.55,2025.9,538478740
2030.61,2064.08,2030.61,2062.14,604827987
2063.45,2064.43,2038.33,2044.81,503887901
2046.13,2049.3,2022.58,2028.26,536631269
2031.58,2056.93,2008.25,2023.03,610182246
2018.4,2018.4,1988.44,2011.27,673001114
2013.75,2021.35,1991.47,1992.67,608258039
1992.25,2020.46,1988.12,2019.42,731828339
2020.76,2028.94,2004.49,2022.55,605394244
2020.19,2038.29,2012.04,2032.12,538996626
2034.3,2064.62,2026.38,2063.15,643547837
2062.98,2062.98,2050.54,2051.82,535455933
2050.42,2057.62,2040.97,2057.09,525986275
2047.86,2047.86,2019.91,2029.55,562176423
2032.34,2042.49,2001.49,2002.16,648480471
2002.45,2024.64,1989.18,2021.25,620130124
2019.35,2023.32,1993.38,1994.99,893217502
1996.67,2021.66,1980.9,2020.85,637708675
2022.71,2050.3,2022.71,2050.03,658300755
2048.86,2054.74,2036.72,2041.51,638853840
2043.45,2063.55,2043.45,2062.52,532688569
2062.28,2072.4,2049.97,2055.47,590733024
2053.47,2056.16,2041.88,2046.74,502321634
2049.38,2070.86,2048.62,2068.59,537838874
2068.55,2073.48,2057.99,2068.53,502374735
2069.98,2088.53,2069.98,2088.48,563402483
2088.78,2097.03,2086.7,2096.99,501223065
2096.47,2101.3,2089.8,2100.34,557220441
2099.16,2100.23,2092.15,2099.68,458222878
2099.25,2102.13,2090.79,2097.45,462240272
2097.65,2110.61,2085.44,2110.3,621832126
2109.83,2110.05,2103.0,2109.66,497016103
2109.1,2117.94,2105.87,2115.48,499805150
2115.3,2119.59,2109.89,2113.86,481020383
2113.91,2113.91,2103.76,2110.74,504308836
2110.88,2112.74,2103.75,2104.5,596556881
2105.23,2117.52,2104.5,2117.39,516612174
2115.76,2115.76,2098.26,2107.78,488593539
2107.72,2107.72,2087.62,2098.53,489025555
2098.54,2104.25,2095.22,2101.04,479611957
2100.91,2100.91,2067.27,2071.26,654413604
2072.25,2083.49,2072.21,2079.43,491672606
2076.14,2076.14,2044.16,2044.16,618042903
2044.69,2050.08,2039.69,2040.24,540138591
2041.1,2066.41,2041.1,2065.95,541588132
2064.56,2064.56,2041.17,2053.4,553445667
2055.35,2081.41,2055.35,2081.19,541612324
2080.59,2080.59,2065.08,2074.28,475714134
2072.84,2106.85,2061.23,2099.5,628925946
2098.69,2098.69,2085.56,2089.27,528262488
2090.32,2113.92,2090.32,2108.1,1560822488
2107.99,2114.86,2104.42,2104.42,500086465
2103.94,2107.63,2091.5,2091.5,512610880
2093.1,2097.43,2061.05,2061.05,582073426
2059.94,2067.15,2045.5,2056.15,619686786
2055.78,2062.83,2052.96,2061.02,537750961
2064.11,2088.97,2064.11,2086.24,493690723
2084.05,2084.05,2067.04,2067.89,663987797
2067.63,2067.63,2048.38,2059.69,564988727
2060.03,2072.17,2057.32,2066.96,484704255
2064.87,2086.99,2056.52,2080.62,603791492
2080.79,2089.81,2076.1,2076.33,436475554
2076.94,2086.69,2073.3,2081.9,488249204
2081.29,2093.31,2074.29,2091.18,473659522
2091.51,2102.61,2091.51,2102.06,467375544
2102.03,2107.65,2092.33,2092.43,489876530
2092.28,2098.62,2083.24,2095.84,449838753
2097.82,2111.91,2097.82,2106.63,561622715
2105.96,2111.3,2100.02,2104.99,494694374
2102.58,2102.58,2072.37,2081.18,661794713
2084.11,2103.94,2084.11,2100.4,481863950
2102.82,2109.64,2094.38,2097.29,485076830
2098.27,2109.98,2091.05,2107.96,505662373
2107.21,2120.49,2103.19,2112.93,566843506
2112.8,2120.92,2112.8,2117.69,555376586
2119.29,2125.92,2107.04,2108.92,590999229
2108.35,2116.09,2094.89,2114.76,549650994
2112.49,2113.65,2097.41,2106.85,550784916
2105.52,2105.52,2077.59,2085.51,686082642
2087.38,2108.41,2087.38,2108.29,509568789
2110.23,2120.95,2110.23,2114.49,458688406
2112.63,2115.24,2088.46,2089.46,532113899
2091.26,2098.42,2067.93,2080.15,552153155
2079.96,2092.9,2074.99,2088.0,523758356
2092.13,2117.66,2092.13,2116.1,524517688
2115.56,2117.69,2104.58,2105.33,467022504
2102.87,2105.06,2085.57,2099.12,468682965
2099.62,2110.19,2096.04,2098.48,473510272
2100.43,2121.45,2100.43,2121.1,477949241
2122.07,2123.89,2116.79,2122.73,609123759
2121.3,2131.78,2120.01,2129.2,444239990
2129.45,2133.02,2124.5,2127.83,493349176
2127.79,2134.72,2122.59,2125.85,477723201
2125.55,2134.28,2122.95,2130.82,468557139
2130.36,2132.15,2126.06,2126.06,423419513
2125.34,2125.34,2099.18,2104.2,557833108
2105.13,2126.22,2105.13,2123.48,511248450
2122.27,2122.27,2112.86,2120.79,434135669
2120.66,2120.66,2104.89,2107.39,760129761
2108.64,2119.15,2102.54,2111.73,488083175
2110.41,2117.59,2099.14,2109.6,471166195
2110.64,2121.92,2109.61,2114.07,464527279
2112.35,2112.89,2093.23,2095.84,521557720
2095.09,2100.99,2085.67,2092.83,559311850
2092.34,2093.01,2079.11,2079.28,488323296
2079.07,2085.62,2072.14,2080.15,488823113
2081.12,2108.5,2081.12,2105.2,507555252
2106.24,2115.02,2106.24,2108.86,529774046
2107.43,2107.43,2091.33,2094.11,449503626
2091.34,2091.34,2072.49,2084.43,504787125
2084.26,2097.4,2082.1,2096.29,410710293
2097.4,2106.79,2088.86,2100.44,480805890
2101.58,2126.65,2101.58,2121.24,544428661
2121.03,2121.64,2109.38,2109.99,1255422639
2112.5,2129.87,2112.5,2122.85,468228023
2123.16,2128.03,2119.89,2124.2,453115170
2123.33,2125.1,2108.58,2108.58,534019481
2109.96,2116.04,2101.78,2102.31,494346810
2102.62,2108.92,2095.38,2101.49,927539503
2098.63,2098.63,2056.64,2057.64,586955148
2061.19,2074.28,2056.32,2063.11,717671106
2067.0,2082.78,2067.0,2077.42,531751257
2078.03,2085.06,2071.02,2076.78,484440239
2073.95,2078.61,2058.4,2068.76,586209073
2069.52,2083.74,2044.02,2081.34,624382379
2077.66,2077.66,2044.66,2046.68,372276830
2049.73,2074.28,2049.73,2051.31,553570988
2052.74,2081.31,2052.74,2076.62,487492213
2080.03,2100.67,2080.03,2099.6,504047608
2099.72,2111.98,2098.18,2108.95,501243649
2109.01,2114.14,2102.49,2107.4,538810633
2110.55,2124.42,2110.55,2124.29,531489666
2126.8,2128.91,2119.88,2126.64,626055481
2126.85,2132.82,2123.65,2128.28,498063871
2127.55,2128.49,2115.4,2119.21,549092745
2118.21,2118.51,2110.0,2114.15,604850316
2114.16,2116.87,2098.63,2102.15,583756482
2102.24,2106.01,2077.09,2079.65,622862924
2078.19,2078.19,2063.52,2067.64,658424497
2094.7,2110.6,2094.08,2108.57,568110723
2106.78,2110.48,2094.97,2108.63,505302182
2111.6,2114.24,2102.07,2103.84,639716945
2104.49,2105.7,2087.31,2098.04,546235777
2097.68,2102.51,2088.6,2093.32,545885014
2095.27,2112.66,2095.27,2099.84,580780772
2100.75,2103.32,2075.53,2083.56,611690579
2082.61,2082.61,2067.91,2077.57,529686686
2080.98,2105.35,2080.98,2104.18,536952747
2102.66,2102.66,2076.49,2084.07,562080936
2081.1,2089.06,2052.09,2086.05,632320464
2086.19,2092.93,2078.26,2083.39,502475309
2083.15,2092.45,2080.61,2091.54,448636523
2089.7,2102.87,2079.3,2102.44,426042175
2101.99,2103.47,2094.14,2096.92,444211630
2095.69,2096.17,2070.53,2079.61,571231726
2076.61,2076.61,2035.73,2035.73,674558060
2034.08,2034.08,1970.89,1970.89,1064339747
1965.15,1965.15,1867.01,1893.21,1333367963
1898.08,1948.04,1867.08,1867.62,1051227010
1872.75,1943.09,1872.75,1940.51,1028853758
1942.77,1989.6,1942.77,1987.66,924187986
1986.06,1993.48,1975.19,1988.87,723405976
1986.73,1986.73,1965.98,1972.18,764714895
1970.09,1970.09,1903.07,1913.85,870101241
1916.52,1948.91,1916.52,1948.86,732787120
1950.79,1975.01,1944.72,1951.13,632681962
1947.76,1947.76,1911.21,1921.22,665449152
1927.3,1970.42,1927.3,1969.41,683152885
1971.45,1988.63,1937.88,1942.04,666963761
1941.59,1965.29,1937.19,1952.29,668611570
1951.45,1961.05,1939.19,1961.05,588994439
1963.06,1963.06,1948.27,1953.03,546552646
1955.1,1983.19,1954.3,1978.09,538189680
1978.02,1997.26,1977.93,1995.31,592016371
1995.33,2020.86,1986.73,1990.2,704645073
1989.66,1989.66,1953.45,1958.08,1857431494
1960.84,1979.64,1955.8,1966.97,570771913
1961.39,1961.39,1929.22,1942.74,692573930
1943.24,1949.52,1932.57,1938.76,505038279
1934.81,1937.17,1908.92,1932.24,715083399
1935.93,1952.89,1921.5,1931.34,691076672
1929.18,1929.18,1879.21,1881.77,776030177
1881.9,1899.48,1871.91,1884.09,735878664
1887.14,1920.53,1887.14,1920.03,848493582
1919.65,1927.21,1900.7,1923.82,676289177
1921.77,1951.36,1893.7,1951.36,763213423
1954.33,1989.17,1954.33,1987.05,725872947
1986.63,1991.62,1971.99,1979.92,679775510
1982.34,1999.31,1976.44,1995.83,735386749
1994.01,2016.5,1987.53,2013.43,604478359
2013.73,2020.13,2007.61,2014.89,623413655
2015.65,2018.66,2010.55,2017.46,464133172
2015.0,2022.34,2001.78,2003.69,566735134
2003.66,2009.56,1990.73,1994.24,629580360
1996.47,2024.15,1996.47,2023.86,670990277
2024.37,2033.54,2020.46,2033.11,711438827
2031.73,2034.45,2022.31,2033.66,600476924
2033.13,2039.12,2026.61,2030.77,563655848
2033.47,2037.97,2017.22,2018.94,610039020
2021.88,2055.2,2021.88,2052.51,786028633
2058.19,2079.74,2058.19,2075.15,745274175
2075.08,2075.14,2066.53,2071.18,602320842
2068.75,2070.37,2058.84,2065.89,648798726
2066.48,2090.35,2063.11,2090.35,660701160
2088.35,2092.52,2082.63,2089.41,549004658
2090.0,2094.32,2079.34,2079.36,789030686
2080.76,2106.2,2080.76,2104.05,579595250
2102.63,2116.48,2097.51,2109.79,587935660
2110.6,2114.59,2096.98,2102.31,614436669
2101.68,2108.78,2090.41,2099.93,589540851
2098.6,2101.91,2083.74,2099.2,661105431
2096.56,2096.56,2068.24,2078.58,664843244
2077.19,2083.67,2069.91,2081.72,564853747
2083.41,2086.94,2074.85,2075.0,511658093
2072.29,2072.29,2045.66,2045.97,573740014
2044.64,2044.64,2022.02,2023.04,652845916
2022.08,2053.22,2019.39,2053.19,607438938
2053.67,2066.69,2045.9,2050.44,677180096
2051.99,2085.31,2051.99,2083.58,608652201
2083.7,2086.74,2078.76,2081.24,536851932
2082.82,2097.06,2082.82,2089.17,689155469
2089.41,2095.61,2081.39,2086.59,571410593
2084.42,2094.12,2070.29,2089.14,607002856
2089.3,2093.0,2086.3,2088.87,440227053
2088.82,2093.29,2084.13,2090.11,240297214
2090.95,2093.81,2080.41,2080.41,817945944
2082.93,2103.37,2082.93,2102.63,591032968
2101.71,2104.27,2077.11,2079.51,615257603
2080.71,2085.0,2042.35,2049.62,749534853
2051.24,2093.84,2051.24,2091.69,740000496
2090.42,2090.42,2066.78,2077.07,639169032
2073.39,2073.85,2052.32,2063.59,666623202
2061.17,2080.33,2036.53,2047.62,719904950
2047.93,2067.65,2045.67,2052.23,597997497
2047.27,2047.27,2008.8,2012.37,718417683
2013.37,2022.92,1993.26,2021.94,771568987
2025.55,2053.87,2025.55,2043.41,689853132
2046.5,2076.72,2042.43,2073.07,680651840
2073.76,2076.37,2041.66,2041.89,646285876
2040.81,2040.81,2005.33,2005.55,1811569213
2010.27,2022.9,2005.93,2021.15,610294061
2023.15,2042.74,2020.49,2038.97,546862689
2042.2,2064.73,2042.2,2064.29,545191292
2063.52,2067.36,2058.73,2060.99,250570206
2057.77,2057.77,2044.2,2056.5,367737617
2060.54,2081.56,2060.54,2078.36,379027946
2077.34,2077.34,2061.97,2063.36,334631815
2060.59,2062.54,2043.62,2043.94,482596709
2038.2,2038.2,1989.68,2012.66,802047817
2013.78,2021.94,2004.17,2016.71,619260483
2011.71,2011.71,1979.05,1990.26,734820348
1985.32,1985.32,1938.83,1943.09,860517477
1945.97,1960.4,1918.46,1922.03,800798104
1926.12,1935.65,1901.1,1923.67,775646469
1927.83,1947.38,1914.35,1938.68,759189614
1940.34,1950.33,1886.41,1890.28,874559799
1891.68,1934.47,1878.93,1921.84,920170292
1916.68,1916.68,1857.83,1880.29,1194777018
1888.66,1901.44,1864.6,1881.33,876359950
1876.18,1876.18,1812.29,1859.33,1078020540
1861.46,1889.85,1848.98,1868.99,853549340
1877.4,1908.85,1877.4,1906.9,809129145
1906.28,1906.28,1875.97,1877.08,760929014
1878.79,1906.73,1878.79,1903.63,695372344
1902.52,1916.99,1872.7,1882.95,801306427
1885.22,1902.96,1873.65,1893.36,819522643
1894.0,1940.24,1894.0,1940.24,1218318112
1936.94,1947.2,1920.3,1939.38,713982290
1935.26,1935.26,1897.29,1903.03,787871195
1907.07,1918.01,1872.23,1912.53,893685485
1911.67,1927.35,1900.52,1915.45,865491350
1913.07,1913.07,1872.65,1880.02,865850519
1873.25,1873.25,1828.46,1853.44,1012876097
1848.46,1868.25,1834.94,1852.21,847322028
1857.1,1881.6,1850.32,1851.86,764859731
1847.0,1847.0,1810.1,1829.08,959112627
1833.4,1864.78,1833.4,1864.78,803662030
1871.44,1895.77,1871.44,1895.58,840902604
1898.8,1930.68,1898.8,1926.82,818329068
1927.57,1930.0,1915.09,1917.83,729857043
1916.74,1918.78,1902.17,1917.78,862707598
1924.44,1946.7,1924.44,1945.5,663507139
1942.38,1942.38,1919.44,1921.27,626777121
1917.56,1932.08,1891.0,1929.8,662276978
1931.87,1951.83,1925.41,1951.7,590011627
1954.95,1962.96,1945.78,1948.05,669963590
1947.13,1958.27,1931.81,1932.23,849457348
1937.09,1978.35,1937.09,1978.35,742673686
1976.6,1986.51,1968.8,1986.45,680798205
1985.6,1993.69,1977.37,1993.4,667791595
1994.01,2009.13,1986.77,1999.99,782568214
1996.11,2006.12,1989.38,2001.76,654437507
1996.88,1996.88,1977.43,1979.26,699804901
1981.44,1992.69,1979.84,1989.26,608078572
1990.97,2005.08,1969.25,1989.57,665439405
1994.71,2022.37,1994.71,2022.19,641695645
2019.27,2024.57,2012.05,2019.64,546834613
2015.27,2015.94,2005.23,2015.93,529503338
2014.24,2032.02,2010.04,2027.22,617655202
2026.9,2046.24,2022.16,2040.59,661715372
2041.16,2052.36,2041.16,2049.56,1725070852
2047.88,2053.91,2043.14,2051.6,535572723
2048.64,2056.6,2040.57,2049.8,555480442
2048.55,2048.55,2034.86,2036.71,542124620
2032.48,2036.04,2022.49,2035.94,600124419
2037.89,2042.67,2031.96,2037.05,460618605
2035.75,2055.91,2028.31,2055.01,571874192
2058.27,2072.21,2058.27,2063.95,511377524
2063.77,2067.92,2057.46,2059.74,636409975
2056.62,2075.07,2043.98,2072.78,655004232
2073.19,2074.02,2062.57,2066.13,532702712
2062.5,2062.5,2042.56,2045.17,666152013
2045.56,2067.33,2043.09,2066.66,581169463
2063.01,2063.01,2033.8,2041.91,618270929
2045.54,2060.63,2041.69,2047.6,534851519
2050.23,2062.93,2041.88,2041.99,586540507
2043.72,2065.05,2039.74,2061.72,590852942
2065.92,2083.18,2065.92,2082.42,630905563
2082.89,2087.84,2078.13,2082.78,563092213
2083.1,2083.22,2076.31,2080.73,693534579
2078.83,2094.66,2073.65,2094.34,546617436
2096.05,2104.05,2091.68,2100.8,589612525
2101.52,2111.05,2096.32,2102.4,604537168
2102.09,2103.78,2088.52,2091.48,650715329
2091.49,2094.32,2081.2,2091.58,705980621
2089.37,2089.37,2077.52,2087.79,544758655
2089.84,2096.87,2085.8,2091.7,597068986
2092.33,2099.89,2082.31,2095.15,672027528
2090.93,2099.3,2071.62,2075.81,688929375
2071.82,2073.85,2052.28,2065.3,887315141
2067.17,2083.42,2066.11,2081.43,604116575
2077.18,2077.18,2054.89,2063.37,635546372
2060.3,2060.3,2045.55,2051.12,626663675
2052.95,2060.23,2045.77,2050.63,596053041
2047.77,2057.72,2039.45,2057.14,588428467
2057.55,2064.15,2054.31,2058.69,557442351
2062.63,2084.87,2062.63,2084.39,520400738
2083.29,2083.29,2064.46,2064.46,580116705
2067.17,2073.99,2053.13,2064.11,588223537
2062.5,2066.79,2043.13,2046.61,567469923
2046.53,2071.88,2046.53,2066.66,567323618
2065.04,2065.69,2040.82,2047.21,686667647
2044.38,2060.61,2034.49,2047.63,558013212
2044.21,2044.21,2025.91,2040.04,589878104
2041.88,2058.35,2041.88,2052.32,697826394
2052.23,2055.58,2047.26,2048.04,524837779
2052.65,2079.67,2052.65,2076.06,557575332
2078.93,2094.73,2078.93,2090.54,561658615
2091.44,2094.3,2087.08,2090.1,474127312
2090.06,2099.06,2090.06,2099.06,508487137
2100.13,2103.48,2088.66,2096.96,904459880
2093.94,2100.97,2085.1,2099.33,556851611
2097.71,2105.26,2088.59,2105.26,628062808
2104.07,2104.07,2085.36,2099.13,568033907
2100.83,2113.36,2100.83,2109.41,532939655
2110.18,2119.22,2110.18,2112.13,536131780
2112.71,2120.55,2112.71,2119.12,496867839
2115.65,2117.64,2107.73,2115.48,482643892
2109.57,2109.57,2089.96,2096.07,552199108
2091.75,2098.12,2078.46,2079.06,564040789
2076.65,2081.3,2064.1,2075.32,576788895
2077.6,2085.65,2069.8,2071.5,575938354
2066.36,2079.62,2050.37,2077.99,552019076
2078.2,2078.2,2062.84,2071.22,1301351097
2075.58,2100.66,2075.58,2083.25,598150842
2085.19,2093.66,2083.02,2088.9,537088649
2089.75,2099.71,2084.36,2085.45,519438852
2092.8,2113.32,2092.8,2113.32,525308203
2103.81,2103.81,2032.57,2037.41,1403897820
2031.45,2031.45,1991.68,2000.54,882683687
2006.67,2036.09,2006.67,2036.09,718967504
2042.69,2073.13,2042.69,2070.77,691858050
2073.17,2098.94,2070.0,2098.86,892556858
2099.34,2108.71,2097.9,2102.95,551736343
2095.05,2095.05,2080.86,2088.55,650706103
2084.43,2100.72,2074.02,2099.73,649649070
2100.42,2109.08,2089.39,2097.9,546432231
2106.97,2131.71,2106.97,2129.9,597242128
2131.72,2143.16,2131.72,2137.16,514370297
2139.5,2155.4,2139.5,2152.14,599252738
2153.81,2156.45,2146.21,2152.43,514541411
2157.88,2168.99,2157.88,2163.75,530310298
2165.13,2169.05,2155.79,2161.74,643101106
2162.04,2168.35,2159.63,2166.89,478404253
2163.79,2164.63,2159.01,2163.78,516605607
2166.1,2175.63,2164.89,2173.02,500205767
2172.91,2174.56,2159.75,2165.17,559292869
2166.47,2175.11,2163.24,2175.03,525935607
2173.71,2173.71,2161.95,2168.48,511374042
2168.97,2173.54,2160.18,2169.18,537572545
2169.81,2174.98,2159.07,2166.58,661630367
2166.05,2172.85,2159.74,2170.06,564543919
2168.83,2177.09,2163.49,2173.6,787086996
2173.15,2178.29,2166.21,2170.84,543777140
2169.94,2170.2,2147.58,2157.03,619382235
2156.81,2163.79,2152.56,2163.79,542285389
2163.51,2168.19,2159.07,2164.25,492388664
2168.79,2182.87,2168.79,2182.87,569849800
2183.76,2185.44,2177.85,2180.89,486958977
2182.24,2187.66,2178.61,2181.74,427986401
2182.81,2183.41,2172.0,2175.49,439573433
2177.97,2188.45,2177.97,2185.79,464458711
2183.74,2186.28,2179.42,2184.05,432156303
2186.08,2193.81,2186.08,2190.15,441305055
2186.24,2186.24,2178.14,2178.15,484439239
2177.84,2183.08,2168.5,2182.22,499856353
2181.9,2187.03,2180.46,2187.02,510514826
2184.24,2185.0,2175.13,2183.87,580186480
2181.58,2185.15,2175.96,2182.64,463033593
2187.81,2193.42,2186.8,2186.9,466736625
2185.09,2186.66,2171.25,2175.44,472264903
2173.29,2179.0,2169.74,2172.47,459398340
2175.1,2187.94,2160.39,2169.04,494425690
2170.19,2183.48,2170.19,2180.38,434407871
2179.45,2182.27,2170.41,2176.12,470170318
2173.56,2173.79,2161.35,2170.95,659162199
2171.33,2173.56,2157.09,2170.86,507264056
2177.49,2184.87,2173.59,2179.98,491982133
2181.61,2186.57,2175.1,2186.48,569188047
2185.17,2187.87,2179.07,2186.16,511720244
2182.76,2184.94,2177.49,2181.3,530082582
2169.08,2169.08,2127.81,2127.81,733227083
2120.86,2163.3,2119.12,2159.04,678673914
2150.47,2150.47,2120.27,2127.02,671922252
2127.86,2141.33,2119.9,2125.77,613057415
2125.36,2151.31,2122.36,2147.26,582039878
2146.48,2146.48,2131.2,2139.16,1474359736
2143.99,2153.61,2135.91,2139.12,513135966
2145.94,2150.8,2139.17,2139.76,484990399
2144.58,2165.11,2139.57,2163.12,584045429
2170.94,2179.99,2170.94,2177.18,521694980
2173.29,2173.75,2163.97,2164.69,520708916
2158.54,2158.54,2145.04,2146.1,517726610
2146.04,2161.13,2141.55,2159.93,534092546
2161.85,2172.4,2151.79,2171.37,558057164
2168.9,2172.67,2145.2,2151.13,616762353
2156.51,2175.3,2156.51,2168.27,809085274
2164.33,2164.41,2154.77,2161.2,514417686
2163.37,2165.46,2144.01,2150.49,562930985
2155.15,2163.95,2155.15,2159.73,599657716
2158.22,2162.93,2150.28,2160.77,517703265
2164.19,2165.86,2144.85,2153.74,620211022
2160.39,2169.6,2160.39,2163.66,452832485
2161.35,2161.56,2128.84,2136.73,576873524
2137.67,2145.36,2132.77,2139.18,458983794
2130.26,2138.19,2114.72,2132.55,561305794
2139.68,2149.19,2132.98,2132.98,548993154
2132.95,2135.61,2124.43,2126.5,479259921
2138.31,2144.38,2135.49,2139.6,475279452
2140.81,2148.44,2138.15,2144.29,544371390
2142.51,2147.18,2133.44,2141.34,571361511
2139.43,2142.63,2130.09,2141.16,654860857
2148.5,2154.79,2146.91,2151.33,523564705
2149.72,2151.44,2141.93,2143.16,530792143
2136.97,2145.73,2131.59,2139.43,562087522
2144.06,2147.13,2132.52,2133.04,614708800
2132.23,2140.72,2119.36,2126.41,641367743
2129.78,2133.25,2125.53,2126.15,673263488
2128.68,2131.45,2097.85,2111.72,712604519
2109.43,2111.76,2094.0,2097.94,641501340
2098.8,2102.56,2085.23,2088.66,593008290
2083.79,2099.07,2083.79,2085.18,624672107
2100.59,2132.0,2100.59,2131.52,608621001
2129.92,2146.87,2123.56,2139.56,556634318
2131.56,2170.1,2125.35,2163.26,992770441
2167.49,2182.3,2151.17,2167.48,997868105
2162.71,2165.92,2152.49,2164.45,734601661
2165.64,2171.36,2156.08,2164.2,798242148
2168.29,2180.84,2166.38,2180.39,683976715
2177.53,2179.22,2172.2,2176.94,569327906
2178.61,2188.06,2176.65,2187.12,568950287
2186.85,2189.89,2180.38,2181.9,670518317
2186.43,2198.7,2186.43,2198.18,571010736
2201.56,2204.8,2194.51,2202.94,593601222
2198.55,2204.72,2194.51,2204.72,523778550
2206.27,2213.35,2206.27,2213.35,261974388
2210.21,2211.14,2200.36,2201.72,562045555
2200.76,2210.46,2198.15,2204.66,578283446
2204.97,2214.1,2198.81,2198.81,1055352593
2200.17,2202.6,2187.44,2191.08,742047822
2191.12,2197.95,2188.37,2191.95,587431425
2200.65,2209.42,2199.97,2204.71,2353018266
2207.26,2212.78,2202.21,2212.23,2170130802
2210.72,2241.63,2208.93,2241.35,2734847977
2241.13,2251.69,2237.57,2246.19,2436820226
2249.73,2259.8,2249.23,2259.53,2200678359
2258.83,2264.03,2252.37,2256.96,2358393107
2263.32,2277.53,2263.32,2271.72,2311255270
2268.35,2276.2,2248.44,2253.28,2660459785
2253.77,2272.12,2253.77,2262.03,2428153807
2266.81,2268.05,2254.24,2258.07,3710588961
2259.24,2267.47,2258.21,2262.53,1855781424
2266.5,2272.56,2266.14,2270.76,1797798599
2270.54,2271.23,2265.15,2265.18,1585087533
2262.93,2263.18,2256.08,2260.96,1713661488
2260.25,2263.79,2258.84,2263.79,1082067041
2266.23,2273.82,2266.15,2268.88,1090974756
2270.23,2271.31,2249.11,2249.92,1343528461
2249.5,2254.51,2244.56,2249.26,1264830314
2251.61,2253.58,2233.62,2238.83,1580595290
2251.57,2263.88,2245.13,2257.83,2318947704
2261.6,2272.82,2261.6,2270.75,2097360283
2268.18,2271.5,2260.45,2269.0,2187189991
2271.14,2282.1,2264.06,2276.98,1957181141
2273.59,2275.49,2268.9,2268.9,1914652521
2269.72,2279.27,2265.27,2268.9,2138024556
2268.6,2275.32,2260.83,2275.32,2118289876
2271.14,2271.78,2254.25,2270.44,1937385140
2272.74,2278.68,2271.51,2274.64,1780997918
2269.14,2272.08,2262.81,2267.89,2212200212
2269.14,2272.01,2263.35,2271.89,1998643920
2271.9,2274.33,2258.41,2263.69,2041282775
2269.96,2276.96,2265.01,2271.31,2311814026
2267.78,2271.78,2257.02,2265.2,1990552394
2267.88,2284.63,2266.68,2280.07,2229227176
2288.88,2299.55,2288.88,2298.37,2461512021
2298.63,2300.99,2294.08,2296.68,2333681818
2299.02,2299.02,2291.62,2294.69,1999261103
2286.01,2286.01,2268.04,2280.9,2108083825
2274.02,2279.09,2267.21,2278.87,2555320206
2285.59,2289.14,2272.44,2279.55,2478979663
2276.69,2283.97,2271.65,2280.85,2321960100
2288.54,2298.31,2287.88,2297.42,2208634271
2294.28,2296.18,2288.57,2292.56,1902540482
2295.87,2299.4,2290.16,2293.08,2079166228
2289.55,2295.91,2285.38,2294.67,2113479926
2296.7,2311.08,2296.61,2307.87,2118564108
2312.27,2319.23,2311.1,2316.1,2067124621
2321.72,2331.58,2321.42,2328.25,1958736592
2326.12,2337.58,2322.17,2337.58,2161361274
2335.58,2351.3,2334.81,2349.25,2251620057
2349.64,2351.31,2338.87,2347.22,2086044777
2343.01,2351.16,2339.58,2351.16,2119431713
2354.91,2366.71,2354.91,2365.38,2108632113
2361.11,2365.13,2358.34,2362.82,1953850309
2367.5,2368.26,2355.09,2363.81,2200797996
2355.73,2367.34,2352.87,2367.34,2190395580
2365.23,2371.54,2361.87,2369.75,1881303612
2366.08,2367.79,2358.96,2363.64,2538169006
2380.13,2400.98,2380.13,2395.96,2575918105
2394.75,2394.75,2380.17,2381.92,2120547995
2380.92,2383.89,2375.39,2383.12,1832913368
2375.23,2378.8,2367.98,2375.31,1888989012
2370.74,2375.12,2365.51,2368.39,1912963515
2369.81,2373.09,2361.01,2362.98,2085506267
2363.49,2369.08,2354.54,2364.87,2019165372
2372.52,2376.86,2363.04,2372.6,2017929799
2371.56,2374.42,2368.52,2373.47,1822264173
2368.55,2368.55,2358.18,2365.45,1685090225
2370.34,2390.01,2368.94,2385.26,2124877753
2387.71,2388.1,2377.18,2381.38,1878039166
2383.71,2385.71,2377.64,2378.25,3398204726
2378.24,2379.55,2369.66,2373.47,1822463497
2379.32,2381.93,2341.9,2344.02,2637087666
2343.0,2351.81,2336.45,2348.45,2138554725
2345.97,2358.92,2342.13,2345.96,1918716637
2350.42,2356.22,2335.74,2343.98,1920253678
2329.11,2344.9,2322.25,2341.59,1931759835
2339.79,2363.78,2337.63,2358.57,1951313548
2356.54,2363.36,2352.94,2361.13,1734142857
2361.31,2370.42,2358.58,2368.06,1848896263
2364.82,2370.35,2362.6,2362.72,1997043936
2362.34,2365.87,2344.73,2358.84,2182258164
2354.76,2360.53,2350.72,2360.16,1820405464
2366.59,2378.36,2350.52,2352.95,2104797919
2353.79,2364.16,2348.9,2357.49,1936973655
2356.59,2363.76,2350.74,2355.54,1730732345
2357.16,2366.37,2351.5,2357.16,1620328913
2353.92,2355.22,2337.25,2353.78,1817529614
2352.15,2352.72,2341.18,2344.93,1897910285
2341.98,2348.26,2328.95,2328.95,1764747362
2332.62,2349.14,2332.51,2349.01,1626263722
2342.53,2348.35,2334.54,2342.19,1903470745
2346.79,2352.63,2335.05,2338.17,1946832750
2342.69,2361.37,2340.91,2355.84,2089716231
2354.74,2356.18,2344.51,2348.69,2071759000
2370.33,2376.98,2369.19,2374.15,2248662130
2381.51,2392.48,2381.15,2388.61,2304916837
2388.98,2398.16,2386.76,2387.45,2223615893
2389.7,2392.1,2382.68,2388.77,2205559179
2393.68,2393.68,2382.36,2384.2,2239464723
2388.5,2394.49,2384.83,2388.33,1893003482
2391.05,2392.93,2385.82,2391.17,2371688652
2386.5,2389.82,2379.75,2388.13,2270224276
2389.79,2391.43,2380.35,2389.52,2236620277
2392.37,2399.29,2389.38,2399.29,1823789877
2399.94,2401.36,2393.92,2399.38,1845375125
2401.58,2403.87,2392.44,2396.92,1855962757
2396.79,2399.74,2392.79,2399.63,1985193441
2394.84,2395.72,2381.74,2394.44,2024699568
2392.44,2392.44,2387.19,2390.9,1786639028
2393.98,2404.05,2393.94,2402.32,1896371278
2404.55,2405.77,2396.05,2400.67,2039120191
2382.95,2384.87,2356.21,2357.03,2717638993
2354.69,2375.74,2352.72,2365.72,2308543266
2371.37,2389.06,2370.43,2381.73,2249727653
2387.21,2395.46,2386.92,2394.02,1858438550
2397.04,2400.85,2393.88,2398.42,1770956038
2401.41,2405.58,2397.99,2404.39,1797590258
2409.54,2418.71,2408.01,2415.07,2010590494
2414.5,2416.68,2412.2,2415.82,1524512471
2411.67,2415.26,2409.43,2412.91,1776698945
2415.63,2415.99,2403.59,2411.8,2610801638
2415.65,2430.06,2413.54,2430.06,2156064796
2431.28,2440.23,2427.71,2439.07,2017388178
2437.83,2439.55,2434.32,2436.1,1742362529
2431.92,2436.21,2428.12,2429.33,1972388344
2432.03,2435.28,2424.75,2433.14,2087405916
2434.27,2439.27,2427.94,2433.79,2247662987
2436.39,2446.2,2415.7,2431.77,2624857734
2425.88,2430.38,2419.97,2429.39,2715835496
2434.15,2441.49,2431.28,2440.35,2078679924
2443.75,2443.75,2428.34,2437.92,2077560864
2424.14,2433.95,2418.53,2432.46,2056413023
2431.24,2433.15,2422.88,2433.15,3474905593
2442.55,2453.82,2441.79,2453.46,1881642580
2450.66,2450.66,2436.6,2437.03,1981272777
2439.31,2442.23,2430.74,2435.61,2194972916
2437.4,2441.62,2433.27,2434.5,1975028145
2434.65,2441.4,2431.11,2438.3,2954290817
2443.32,2450.42,2437.03,2439.07,1807411392
2436.34,2440.15,2419.38,2419.38,2029472171
2428.7,2442.97,2428.02,2440.69,1978838398
2442.38,2442.73,2405.7,2419.7,2437153407
2429.2,2432.71,2421.65,2423.41,2068473232
2431.39,2439.17,2428.69,2429.01,1196618815
2430.78,2434.9,2422.05,2432.54,2001771783
2423.44,2424.28,2407.7,2409.75,2021300572
2413.52,2426.92,2413.52,2425.18,1668167766
2424.51,2432.0,2422.27,2427.43,1767990685
2427.35,2429.3,2412.79,2425.53,1732498090
2435.75,2445.76,2435.75,2443.25,1856436041
2444.99,2449.32,2441.69,2447.83,1845640421
2449.16,2463.54,2446.69,2459.27,1667639471
2459.5,2462.82,2457.16,2459.14,1655943312
2455.88,2460.92,2450.34,2460.61,1750952401
2463.85,2473.83,2463.85,2473.83,1849694295
2475.56,2477.62,2468.43,2473.45,1993809051
2467.4,2472.54,2465.06,2472.54,1946504700
2472.04,2473.1,2466.32,2469.91,1943950654
2477.88,2481.24,2474.91,2477.13,2373901996
2479.97,2481.69,2474.94,2477.83,2261843215
2482.76,2484.04,2459.93,2475.42,2677231030
2469.12,2473.53,2464.66,2472.1,2043353625
0.0,0.0,0.0,2470.3,2189633778
2477.1,2478.51,2471.14,2476.35,2076284140
2480.38,2480.38,2466.48,2477.57,2125483668
2476.03,2476.03,2468.85,2472.16,2039487376
2476.88,2480.0,2472.08,2476.83,1869113813
2477.14,2480.95,2475.88,2480.91,1639568452
2478.35,2490.87,2470.32,2474.92,1826290700
2465.35,2474.41,2462.08,2474.02,1821056073
2465.38,2465.38,2437.75,2438.21,2079314829
2441.04,2448.09,2437.85,2441.32,1659262568
2454.96,2468.22,2454.96,2465.84,1586223587
2468.66,2468.9,2461.61,2464.61,1689633539
2468.63,2474.93,2463.86,2468.11,1686069913
2462.95,2465.02,2430.01,2430.01,1929351131
2427.64,2440.27,2420.69,2425.55,1962081325
2425.5,2430.58,2417.35,2428.37,1635773789
2433.75,2454.77,2433.67,2452.51,1588713900
2444.88,2448.91,2441.42,2444.04,1583454204
2447.91,2450.39,2436.19,2438.97,1678956575
2444.72,2453.96,2442.22,2443.05,1500901045
2447.35,2449.12,2439.03,2444.24,1466541776
2431.94,2449.19,2428.2,2446.3,1503811225
2446.06,2460.31,2443.77,2457.59,1552245818
2462.65,2475.01,2462.65,2471.65,2076949466
2474.42,2480.38,2473.85,2476.55,1581548754
2470.35,2471.97,2446.55,2457.85,2114362534
2463.83,2469.64,2459.2,2465.54,2049759055
2468.06,2468.62,2460.29,2465.1,2097113822
2462.25,2467.11,2459.4,2461.43,2003871859
2474.52,2488.95,2474.52,2488.11,1933077168
2491.94,2496.77,2490.37,2496.48,1937393633
2493.89,2498.37,2492.14,2498.37,1897322876
2494.56,2498.43,2491.35,2495.62,1916765069
2495.67,2500.23,2493.16,2500.23,3038855557
2502.51,2508.32,2499.92,2503.87,1922720626
2506.29,2507.84,2503.19,2506.65,1920071498
2506.84,2508.85,2496.67,2508.24,2066413790
2507.16,2507.16,2499.0,2500.6,1811929140
2497.26,2503.47,2496.54,2502.22,1672336528
2499.39,2502.54,2488.03,2496.66,2033920239
2501.04,2503.51,2495.12,2496.84,1822049412
2503.3,2511.75,2495.91,2507.04,2023404999
2503.41,2510.81,2502.93,2510.06,1782169892
2509.96,2519.44,2507.99,2519.36,1809911727
2521.2,2529.23,2520.4,2529.12,1856378178
2530.34,2535.13,2528.85,2534.58,1737511465
2533.48,2540.53,2531.8,2537.74,1699097628
2540.86,2552.51,2540.02,2552.07,1729395633
2547.44,2549.41,2543.79,2549.33,1642294243
2551.39,2551.82,2541.6,2544.73,1505566193
2549.99,2555.23,2544.86,2550.64,1728125186
2550.62,2555.24,2547.95,2555.24,1817197873
2552.88,2555.33,2548.31,2550.93,2056842010
2555.66,2557.65,2552.09,2553.17,1893931188
2555.57,2559.47,2552.64,2557.64,1736356208
2557.17,2559.71,2554.69,2559.36,1783193250
2562.87,2564.11,2559.67,2561.26,1793321507
2553.39,2562.36,2547.92,2562.1,1896003483
2567.56,2575.44,2567.56,2575.21,2151131031
2578.08,2578.29,2564.33,2564.98,2043652245
2568.66,2572.18,2565.58,2569.13,2163380117
2566.52,2567.4,2544.0,2557.15,2467911707
2560.08,2567.07,2559.8,2560.4,2300758801
2570.26,2582.98,2565.94,2581.07,2620458661
2577.75,2580.03,2568.25,2572.83,2274922830
2575.99,2578.29,2572.15,2575.26,2301425471
2583.21,2588.4,2574.92,2579.36,2210945339
2579.46,2581.11,2566.17,2579.85,2416738244
2581.93,2588.42,2576.77,2587.84,2052553436
2587.47,2593.38,2585.66,2591.13,2116417416
2592.11,2597.02,2584.35,2590.64,2089736584
2588.71,2595.47,2585.02,2594.38,2092332809
2584.0,2586.5,2566.33,2584.62,2233489307
2580.18,2583.81,2575.57,2582.3,2045161765
2576.53,2587.66,2574.48,2584.84,2099115488
2577.75,2579.66,2566.56,2578.87,2207475785
2569.45,2572.84,2557.45,2564.62,2090801481
2572.95,2590.09,2572.95,2585.64,2046697246
2582.94,2583.96,2577.62,2578.85,2088322363
2579.49,2584.64,2578.24,2582.14,1786156942
2589.17,2601.19,2589.17,2599.03,1920976946
2600.31,2600.94,2595.23,2597.08,1596057282
2600.42,2604.21,2600.42,2602.42,728273120
2602.66,2606.41,2598.87,2601.42,1728809902
2605.94,2627.69,2605.44,2627.04,2068827193
2627.82,2634.89,2620.32,2626.07,2671027931
2633.93,2657.74,2633.93,2647.58,3122108556
2645.1,2650.62,2605.52,2642.22,2497628661
2657.19,2665.19,2639.03,2639.44,2795997614
2639.78,2648.72,2627.73,2629.57,2274451411
2626.24,2634.41,2624.75,2629.27,1926061906
2628.38,2640.99,2626.53,2636.98,1977524079
2646.21,2651.65,2644.1,2651.5,1843451003
2652.19,2660.33,2651.47,2659.99,1811178474
2661.73,2669.72,2659.78,2664.11,2021583257
2667.59,2671.88,2662.85,2662.85,2001774693
2665.87,2668.09,2652.01,2652.01,1997408360
2660.63,2679.63,2659.14,2675.81,3745745599
2685.92,2694.97,2685.92,2690.16,2173508052
2692.71,2694.44,2680.74,2681.47,1951683145
2688.18,2691.01,2676.11,2679.25,1965565010
2683.02,2692.64,2682.4,2684.57,1948410028
2684.22,2685.35,2678.13,2683.34,1426879392
2679.09,2682.74,2677.96,2680.5,1100330515
2682.1,2685.64,2678.91,2682.62,1187070868
2686.1,2687.66,2682.69,2687.54,1131233959
2689.15,2692.12,2673.61,2673.61,1354524997
2683.73,2695.89,2682.36,2695.81,1892676821
2697.85,2714.37,2697.77,2713.06,2247360842
2719.31,2729.29,2719.07,2723.99,2209734660
2731.33,2743.45,2727.92,2743.15,1998927821
2742.67,2748.51,2737.6,2747.71,1965531285
2751.15,2759.14,2747.86,2751.29,2022846957
2745.55,2750.8,2736.06,2748.23,2091186564
2752.97,2767.56,2752.78,2767.56,1975974166
2770.18,2787.85,2769.64,2786.24,2129410147
2798.96,2807.54,2768.64,2776.42,2600258928
2784.99,2807.04,2778.38,2802.56,2419144959
2802.4,2805.83,2792.56,2798.03,2307360399
2802.6,2810.33,2798.08,2810.3,2440064591
2809.16,2833.03,2808.12,2832.97,2162473890
2835.05,2842.24,2830.59,2839.13,2168016076
2845.42,2852.97,2824.81,2837.54,2447566185
2846.24,2848.56,2830.94,2839.25,2317282272
2847.48,2872.87,2846.18,2872.87,2215919470
2867.23,2870.62,2851.48,2853.53,2175684056
2832.74,2837.75,2818.27,2822.43,2405602352
2832.41,2839.26,2813.04,2823.81,2823741643
2816.45,2835.96,2812.7,2821.98,2466173553
2808.92,2808.92,2759.97,2762.13,2721617693
2741.06,2763.39,2638.17,2648.94,3544117631
2614.78,2701.04,2593.07,2695.14,4024143782
2690.95,2727.67,2681.33,2681.66,2838299340
2685.01,2685.27,2580.56,2581.0,3249463483
2601.78,2638.67,2532.69,2619.55,3731314758
2636.75,2672.61,2622.45,2656.0,2679600258
2646.27,2668.84,2637.08,2662.94,2093173107
2651.21,2702.1,2648.87,2698.63,2420069523
2713.46,2731.51,2689.82,2731.2,2296146111
2727.14,2754.42,2725.11,2732.22,2214918724
2722.99,2737.6,2706.76,2716.26,2135921507
2720.53,2747.75,2701.29,2701.33,2221587843
2710.42,2731.26,2697.77,2703.96,2099630393
2715.8,2747.76,2713.74,2747.3,1869037502
2757.37,2780.64,2753.78,2779.6,2112406595
2780.45,2789.15,2744.22,2744.28,2357084280
2753.78,2761.52,2713.54,2713.83,2606285720
2715.22,2730.89,2659.65,2677.67,2790764003
2658.89,2696.25,2647.32,2691.25,2445883838
2681.06,2728.09,2675.75,2720.94,2341946665
2730.18,2732.08,2711.26,2728.12,2080635491
2710.18,2730.6,2701.74,2726.8,2204997482
2732.75,2740.45,2722.65,2738.97,2047404579
2752.91,2786.57,2751.54,2786.57,2195651356
2790.54,2796.98,2779.26,2783.02,2157969175
2792.31,2801.9,2758.68,2765.31,2353889418
2774.06,2777.11,2744.38,2749.48,2179975826
2754.27,2763.03,2741.47,2747.33,1998737404
2750.57,2761.85,2749.97,2752.01,3459192718
2741.38,2741.38,2694.59,2712.92,2191394840
2715.05,2724.22,2710.05,2716.94,2088202415
2714.99,2739.14,2709.79,2711.93,2074883961
2691.36,2695.68,2641.59,2643.69,2492921032
2646.71,2657.67,2585.89,2588.26,2558217934
2619.35,2661.36,2601.81,2658.55,2434497989
2667.57,2674.78,2596.12,2612.62,2501316081
2611.3,2632.65,2593.06,2605.0,2574191549
2614.41,2659.07,2609.72,2640.87,2348028811
2633.45,2638.3,2553.8,2581.88,2468994069
2592.17,2619.14,2575.49,2614.45,2169555248
2584.04,2649.86,2573.61,2644.69,2220731180
2657.36,2672.08,2649.58,2662.84,2008036352
2645.82,2656.88,2586.27,2604.47,2187111865
2617.18,2653.55,2610.79,2613.16,1923050595
2638.41,2665.45,2635.78,2656.87,2132599583
2643.89,2661.43,2639.25,2642.19,1788526146
2653.83,2674.72,2653.83,2663.99,1922966393
2676.9,2680.26,2645.05,2656.3,1823268887
2670.1,2686.49,2665.16,2677.84,1866870482
2692.74,2713.34,2692.05,2706.39,1925630582
2710.11,2717.49,2703.63,2708.64,1965630369
2701.16,2702.84,2681.9,2693.13,2168636678
2692.56,2693.94,2660.61,2670.14,2308509070
2675.4,2682.86,2657.99,2670.29,1858105237
2680.8,2683.55,2617.32,2634.56,2413969096
2634.92,2645.3,2612.67,2639.4,2203579981
2651.65,2676.48,2647.16,2666.94,2543293987
2675.47,2677.35,2659.01,2669.91,2104565445
2675.05,2682.92,2648.04,2648.05,2335651561
